{
  "best_flip_rotation": 4.6138916015625,
  "best_max_torso_height": 0.9666973948478699,
  "best_max_torso_x": 1.20648193359375,
  "checkpoint": "/root/whole_body_tracking-main/logs/rsl_rl/g1_asap_squat_l3_lowposture/2026-06-03_17-54-17_evo_gen2_m3_001_stage2/model_998.pt",
  "episode_final_ang_speed": [
    4.340386390686035,
    1.6375701427459717,
    0.44647812843322754,
    1.4777089357376099,
    2.5419349670410156,
    0.521658718585968,
    2.698411226272583,
    2.095458745956421,
    2.1881887912750244,
    1.6794390678405762,
    1.1603648662567139,
    1.5697687864303589,
    1.7538776397705078,
    2.095355272293091,
    1.0923130512237549,
    1.4314117431640625,
    1.7436615228652954,
    0.7887809872627258,
    2.714134454727173,
    1.372159481048584,
    1.3239686489105225,
    0.9932605624198914,
    0.3746880292892456,
    0.2436535656452179,
    0.5314624309539795,
    0.5486182570457458,
    0.26431235671043396,
    0.5387718677520752,
    0.42567312717437744,
    0.7165786623954773,
    0.26668840646743774,
    0.366559237241745,
    0.3400479555130005,
    0.7285768985748291,
    0.9102909564971924,
    0.7787782549858093,
    0.45277947187423706,
    0.5500298142433167,
    0.3301517367362976,
    0.7585839629173279,
    0.3945922255516052,
    0.5390863418579102,
    0.43599170446395874,
    0.252717524766922,
    0.9451003074645996,
    0.42330771684646606,
    0.4954465329647064,
    0.3571329116821289,
    0.5466273427009583,
    0.7411593198776245,
    0.9580897688865662,
    0.6197439432144165,
    0.5025469064712524,
    0.39746424555778503,
    0.21478135883808136,
    0.494108647108078,
    0.16850677132606506,
    1.015733003616333,
    0.19314038753509521,
    0.7519127726554871,
    0.2639784514904022,
    0.43208250403404236,
    0.33828845620155334,
    0.4948275685310364
  ],
  "episode_final_speed": [
    0.8629125952720642,
    1.0451170206069946,
    0.10053810477256775,
    3.038046360015869,
    1.863537311553955,
    0.1974957287311554,
    2.277907371520996,
    2.301063299179077,
    2.397886276245117,
    3.057330369949341,
    2.2193360328674316,
    2.294618606567383,
    2.1888980865478516,
    2.0916104316711426,
    2.101625442504883,
    1.8525365591049194,
    2.0640783309936523,
    2.1213011741638184,
    2.228391647338867,
    2.6617658138275146,
    2.0234813690185547,
    0.17312854528427124,
    0.05091390013694763,
    0.280293732881546,
    0.034276608377695084,
    0.3316352069377899,
    0.007822123356163502,
    0.1612091213464737,
    0.20062501728534698,
    0.064901202917099,
    0.1678604930639267,
    0.1863602250814438,
    0.09201419353485107,
    0.3183358311653137,
    0.12098313868045807,
    0.24194693565368652,
    0.051736436784267426,
    0.07812407612800598,
    0.11866871267557144,
    0.10491788387298584,
    0.18282631039619446,
    0.06825646758079529,
    0.045030269771814346,
    0.07187503576278687,
    0.3797662556171417,
    0.11101991683244705,
    0.22566838562488556,
    0.09685390442609787,
    0.6178175210952759,
    0.2710902690887451,
    0.13441970944404602,
    0.16111531853675842,
    0.14087985455989838,
    0.1681952178478241,
    0.19436538219451904,
    0.07170408219099045,
    0.012635680846869946,
    0.6023698449134827,
    0.15015925467014313,
    0.5275956392288208,
    0.16510550677776337,
    0.5313247442245483,
    0.06460224092006683,
    0.5175596475601196
  ],
  "episode_final_yaw": [
    -0.05709008127450943,
    -0.17291712760925293,
    2.7881040573120117,
    0.7771825790405273,
    0.24316170811653137,
    0.31224629282951355,
    0.2577742040157318,
    0.047270432114601135,
    0.10891372710466385,
    0.05128908529877663,
    0.12385600060224533,
    0.10702858120203018,
    0.03780278190970421,
    0.038315948098897934,
    0.12834671139717102,
    0.29665660858154297,
    0.10203876346349716,
    0.12024044990539551,
    0.4430370032787323,
    -0.0898415818810463,
    0.7794140577316284,
    0.2910885810852051,
    0.30580005049705505,
    0.22517837584018707,
    0.2852841317653656,
    0.2350587099790573,
    0.2549508512020111,
    0.18293312191963196,
    0.24035893380641937,
    0.32621073722839355,
    0.322176456451416,
    0.2631586790084839,
    0.26588913798332214,
    0.3273822069168091,
    0.23953938484191895,
    0.20826105773448944,
    0.35708966851234436,
    0.2667107880115509,
    0.31562861800193787,
    0.18635857105255127,
    0.29448235034942627,
    0.3289922773838043,
    0.3568005859851837,
    0.3574303090572357,
    0.04724212735891342,
    0.3544917106628418,
    0.1385388970375061,
    0.24609163403511047,
    0.3511503338813782,
    0.2554187774658203,
    0.390767902135849,
    0.18747343122959137,
    0.3216896951198578,
    0.2916973829269409,
    0.2541658878326416,
    0.13091929256916046,
    1.025064468383789,
    0.5739909410476685,
    0.20815686881542206,
    0.5435590147972107,
    0.18817520141601562,
    -0.19242927432060242,
    0.21430979669094086,
    0.2976844310760498
  ],
  "episode_final_yaw_error": [
    0.05709008127450943,
    0.17291714251041412,
    2.7881040573120117,
    0.7771825790405273,
    0.24316169321537018,
    0.31224629282951355,
    0.2577742040157318,
    0.047270432114601135,
    0.10891372710466385,
    0.051289089024066925,
    0.12385600060224533,
    0.10702858120203018,
    0.03780277818441391,
    0.03831595182418823,
    0.12834671139717102,
    0.2966565787792206,
    0.10203875601291656,
    0.12024044990539551,
    0.4430369734764099,
    0.0898415818810463,
    0.7794140577316284,
    0.2910885512828827,
    0.30580005049705505,
    0.22517837584018707,
    0.2852841019630432,
    0.2350587099790573,
    0.2549508512020111,
    0.18293312191963196,
    0.24035891890525818,
    0.32621073722839355,
    0.322176456451416,
    0.2631586790084839,
    0.26588913798332214,
    0.3273822069168091,
    0.23953938484191895,
    0.20826105773448944,
    0.35708966851234436,
    0.2667108178138733,
    0.31562861800193787,
    0.18635857105255127,
    0.29448235034942627,
    0.3289922773838043,
    0.3568005859851837,
    0.3574303090572357,
    0.04724212363362312,
    0.3544917106628418,
    0.1385388821363449,
    0.24609163403511047,
    0.3511503338813782,
    0.2554187774658203,
    0.390767902135849,
    0.18747344613075256,
    0.3216896951198578,
    0.2916973829269409,
    0.2541658878326416,
    0.13091927766799927,
    1.025064468383789,
    0.5739909410476685,
    0.20815686881542206,
    0.5435590147972107,
    0.18817518651485443,
    0.19242927432060242,
    0.21430979669094086,
    0.2976844310760498
  ],