{
  "best_max_torso_height": 0.8968901634216309,
  "best_max_torso_x": 1.763387680053711,
  "checkpoint": "/root/whole_body_tracking-main/logs/rsl_rl/g1_dive_roll_v3/2026-06-02_01-08-51_adapted_v3_progress_800/model_799.pt",
  "episode_final_ang_speed": [
    1.2072014808654785,
    0.05090341717004776,
    0.061949461698532104,
    0.14477765560150146,
    0.0755915716290474,
    0.1326586902141571,
    0.059135470539331436,
    0.0280216746032238,
    0.1563667356967926,
    0.08403927087783813,
    0.164388507604599,
    0.061071209609508514,
    0.2389482855796814,
    0.7089661359786987,
    0.1933618187904358,
    0.37920740246772766,
    0.1906430572271347,
    0.09441058337688446,
    0.15090715885162354,
    0.4799431562423706,
    0.25467702746391296,
    0.30643901228904724,
    0.08328821510076523,
    0.04762920364737511,
    0.2884235084056854,
    0.4384799897670746,
    0.08113966882228851,
    0.12018299847841263,
    0.23594237864017487,
    0.06563597917556763,
    0.1416883021593094,
    0.08332826942205429,
    0.1320202797651291,
    0.45951443910598755,
    0.44436168670654297,
    0.11465994268655777,
    0.2675909399986267,
    0.2105761021375656,
    0.04742491617798805,
    0.08889208734035492,
    0.2773323059082031,
    0.05292510986328125,
    0.4223693609237671,
    0.09036675095558167,
    0.10718946903944016,
    0.2025614082813263,
    0.6864321231842041,
    0.15500420331954956,
    0.09702999889850616,
    0.36506471037864685,
    0.32956668734550476,
    0.14744417369365692,
    0.20359142124652863,
    0.040577832609415054,
    0.21358369290828705,
    0.31061065196990967,
    0.39098161458969116,
    0.19389307498931885,
    0.06172352284193039,
    0.21936161816120148,
    0.17591102421283722,
    0.08816802501678467,
    0.1557399332523346,
    0.16451862454414368
  ],
  "episode_final_speed": [
    0.8532684445381165,
    0.002758997492492199,
    0.017252860590815544,
    0.014390256255865097,
    0.026371387764811516,
    0.011533385142683983,
    0.011359420605003834,
    0.004678439348936081,
    0.022886963561177254,
    0.029618950560688972,
    0.025879083201289177,
    0.0033743877429515123,
    0.046937182545661926,
    0.1250508725643158,
    0.04519425705075264,
    0.0271848663687706,
    0.03087036870419979,
    0.031281325966119766,
    0.011810432188212872,
    0.0900915265083313,
    0.07182307541370392,
    0.061222124844789505,
    0.02141369692981243,
    0.01896393485367298,
    0.08577067404985428,
    0.08419075608253479,
    0.01254427433013916,
    0.013540320098400116,
    0.022265279665589333,
    0.024145349860191345,
    0.014509661123156548,
    0.008976234123110771,
    0.011297679506242275,
    0.04194779694080353,
    0.020366059616208076,
    0.02276057004928589,
    0.035479284822940826,
    0.018936648964881897,
    0.011772491037845612,
    0.022273825481534004,
    0.017857328057289124,
    0.004544409923255444,
    0.03671543300151825,
    0.026675017550587654,
    0.029373489320278168,
    0.03928406164050102,
    0.10435611009597778,
    0.042189136147499084,
    0.018576210364699364,
    0.027514170855283737,
    0.04938826337456703,
    0.05098617821931839,
    0.042177505791187286,
    0.009318357333540916,
    0.048102691769599915,
    0.05158368498086929,
    0.07694292068481445,
    0.016190091148018837,
    0.018630685284733772,
    0.012078425846993923,
    0.019388336688280106,
    0.01763981580734253,
    0.03572288155555725,
    0.03291390836238861
  ],
  "episode_final_yaw_error": [
    0.07430410385131836,
    2.6283812522888184,
    2.75011944770813,
    2.5295872688293457,
    2.4801025390625,
    2.5981087684631348,
    2.8340797424316406,
    2.240039348602295,
    2.42872953414917,
    2.9123475551605225,
    2.634965419769287,
    2.2270350456237793,
    2.1919913291931152,
    2.6544888019561768,
    2.6869351863861084,
    3.139049530029297,
    2.1906776428222656,
    2.6039366722106934,
    2.095229148864746,
    2.4774327278137207,
    2.4553139209747314,
    2.767719030380249,
    2.6757850646972656,
    2.7516181468963623,
    2.5474822521209717,
    2.5498781204223633,
    2.456047534942627,
    2.6466002464294434,
    2.6978492736816406,
    2.5478591918945312,
    2.5195236206054688,
    2.5984086990356445,
    1.723552942276001,
    2.628415584564209,
    2.9634768962860107,
    2.618642568588257,
    2.868436813354492,
    2.4879002571105957,
    2.421022415161133,
    2.537494659423828,
    2.5955605506896973,
    2.3467602729797363,
    2.829636573791504,
    2.591050148010254,
    2.592132329940796,
    2.1233468055725098,
    1.9992790222167969,
    2.8552937507629395,
    2.6223840713500977,
    2.8020663261413574,
    2.7418949604034424,
    2.5993850231170654,
    2.682568073272705,
    2.612529993057251,
    2.526154041290283,
    2.4921209812164307,
    2.577566623687744,
    2.7468972206115723,
    2.690639019012451,
    2.650998115539551,
    2.5495352745056152,
    2.5299224853515625,
    2.6224441528320312,
    2.734269142150879
  ],
  "episode_lengths": [
    191.0,
    417.0,
    417.0,
    417.0,
    417.0,
    417.0,
    417.0,
    417.0,
    417.0,
    417.0,
    417.0,
    417.0,
    417.0,
    417.0,
    417.0,
    417.0,
    417.0,
    417.0,
    417.0,
    417.0,
    417.0,
    417.0,
    417.0,
    417.0,
    417.0,
    417.0,
    417.0,
    417.0,
    417.0,
    417.0,
    417.0,
    417.0,
    417.0,
    417.0,
    417.0,
    417.0,
    417.0,
    417.0,
    417.0,
    417.0,
    417.0,
    417.0,
    417.0,
    417.0,
    417.0,
    417.0,
    417.0,
    417.0,
    417.0,
    417.0,
    417.0,
    417.0,
    417.0,
    417.0,
    417.0,
    417.0,
    417.0,
    417.0,
    417.0,
    417.0,
    417.0,
    417.0,
    417.0,
    417.0
  ],
  "episode_max_body_height": [
    -10.0,
    1.088804841041565,
    1.0651332139968872,
    1.0326029062271118,
    1.081225872039795,
    1.0944980382919312,
    1.0948421955108643,
    1.05389404296875,
    1.0351412296295166,
    1.0979533195495605,
    0.9543856382369995,
    1.070915937423706,
    1.059607744216919,
    0.8924213647842407,
    1.0608311891555786,
    1.0816421508789062,
    1.097733974456787,
    1.0875624418258667,
    1.0604246854782104,
    1.0428458452224731,
    1.0600271224975586,
    1.1161025762557983,
    1.0701569318771362,
    1.072169303894043,
    1.0236135721206665,
    1.0982654094696045,
    1.0451754331588745,
    1.0812660455703735,
    1.0648101568222046,
    1.100833535194397,
    0.9150153994560242,
    1.058582067489624,
    1.0258742570877075,
    1.1062341928482056,
    1.0940756797790527,
    1.0679994821548462,
    1.107218861579895,
    0.9390385150909424,
    1.065541386604309,
    1.0657322406768799,
    1.0966938734054565,
    1.060969591140747,
    1.0729254484176636,
    1.0907384157180786,
    1.0975744724273682,
    1.0911533832550049,
    0.9429360628128052,
    1.054654598236084,
    1.0093576908111572,
    1.0020118951797485,
    1.0671483278274536,
    1.057453989982605,
    1.0165364742279053,
    0.9792033433914185,
    1.0756678581237793,
    1.0312789678573608,
    1.0767054557800293,
    1.0883698463439941,
    1.0715138912200928,
    1.1082236766815186,
    1.048180103302002,
    1.0865111351013184,
    1.1069419384002686,
    1.0599299669265747
  ],