{
  "best_max_torso_height": 0.8968901634216309,
  "best_max_torso_x": 1.9999656677246094,
  "checkpoint": "/root/whole_body_tracking-main/logs/rsl_rl/g1_dive_roll_v2/2026-06-02_00-35-47_adapted_v2_balanced_800/model_799.pt",
  "episode_final_ang_speed": [
    0.78520268201828,
    0.4368816912174225,
    4.143342971801758,
    4.71735954284668,
    3.4439897537231445,
    4.554376602172852,
    6.2685675621032715,
    5.049710750579834,
    3.150496006011963,
    3.1005730628967285,
    1.8836785554885864,
    4.105844497680664,
    1.8354763984680176,
    2.5644078254699707,
    1.970719337463379,
    2.892559289932251,
    3.8495044708251953,
    1.7400685548782349,
    4.416304111480713,
    2.186920166015625,
    2.3146073818206787,
    1.4247239828109741,
    2.09153151512146,
    1.4877877235412598,
    2.0216381549835205,
    3.2715272903442383,
    2.6947219371795654,
    2.48506498336792,
    3.312549352645874,
    2.743460178375244,
    2.365105628967285,
    2.8063576221466064,
    2.261695146560669,
    2.4731266498565674,
    2.0769424438476562,
    2.8477437496185303,
    1.8326523303985596,
    2.6225645542144775,
    2.35239839553833,
    2.5106685161590576,
    2.8718063831329346,
    1.5335235595703125,
    1.8603590726852417,
    0.9123572707176208,
    1.8535706996917725,
    1.8018068075180054,
    2.109403133392334,
    1.4661343097686768,
    2.663080930709839,
    2.6474103927612305,
    1.8673259019851685,
    3.384305000305176,
    2.485220432281494,
    2.694546699523926,
    1.5299879312515259,
    2.454629421234131,
    1.741330623626709,
    3.4097483158111572,
    2.27240252494812,
    1.580359697341919,
    2.06709361076355,
    2.1478841304779053,
    3.334254503250122,
    3.239013671875
  ],
  "episode_final_speed": [
    0.06047253683209419,
    0.06035010889172554,
    1.9020076990127563,
    2.5887703895568848,
    2.8400449752807617,
    1.5125819444656372,
    1.7294037342071533,
    1.7134817838668823,
    1.2122327089309692,
    1.768986701965332,
    0.6462300419807434,
    1.9070219993591309,
    0.9580934643745422,
    0.7668179273605347,
    0.6156610250473022,
    1.853739857673645,
    3.343926191329956,
    0.479581356048584,
    1.7148590087890625,
    0.8755918145179749,
    1.456885576248169,
    0.9749046564102173,
    0.5464766025543213,
    0.4462539255619049,
    1.023093581199646,
    1.5641337633132935,
    0.6594331860542297,
    0.48049333691596985,
    1.6931079626083374,
    0.6613446474075317,
    0.8748879432678223,
    1.571990728378296,
    0.5275835990905762,
    1.4665452241897583,
    0.4230985641479492,
    1.592442512512207,
    1.2708982229232788,
    0.5724232196807861,
    0.6093130111694336,
    0.6067190170288086,
    1.5027892589569092,
    1.0390337705612183,
    1.415717363357544,
    0.49588072299957275,
    0.8276889324188232,
    1.043154001235962,
    0.5908065438270569,
    0.5413253307342529,
    0.6777440309524536,
    1.514412522315979,
    0.5939673781394958,
    0.6163703203201294,
    1.179711937904358,
    0.43814817070961,
    0.5410462617874146,
    0.6787665486335754,
    0.5877520442008972,
    0.59382164478302,
    0.6966456174850464,
    0.3459837734699249,
    0.9245879054069519,
    0.3825273811817169,
    0.9348820447921753,
    0.4592377245426178
  ],
  "episode_final_yaw_error": [
    0.5834305882453918,
    1.2071094512939453,
    1.2123769521713257,
    2.3324496746063232,
    2.2231199741363525,
    2.178633451461792,
    2.7114577293395996,
    2.2097132205963135,
    2.2941722869873047,
    2.1377224922180176,
    2.606220245361328,
    2.0720691680908203,
    2.4419758319854736,
    2.557701826095581,
    2.355074405670166,
    1.935332179069519,
    2.3991665840148926,
    2.3627660274505615,
    2.0813419818878174,
    2.436551570892334,
    2.3137216567993164,
    2.2551565170288086,
    2.3844704627990723,
    2.478322982788086,
    2.3680663108825684,
    2.311997413635254,
    2.3404176235198975,
    2.4911558628082275,
    2.1656768321990967,
    2.3176708221435547,
    2.5199570655822754,
    2.0648629665374756,
    2.482985019683838,
    2.1547060012817383,
    2.5466485023498535,
    2.2946581840515137,
    2.286693572998047,
    2.3622682094573975,
    2.3280820846557617,
    2.367995023727417,
    2.067183256149292,
    2.3610336780548096,
    2.2130205631256104,
    2.648754835128784,
    2.30415678024292,
    2.1887433528900146,
    2.5562703609466553,
    2.528120994567871,
    2.123844861984253,
    2.2838382720947266,
    2.195491313934326,
    2.375286102294922,
    2.2460460662841797,
    2.256643772125244,
    2.4865994453430176,
    2.8056066036224365,
    2.5748400688171387,
    2.156754970550537,
    2.4108967781066895,
    2.6764886379241943,
    2.0937814712524414,
    2.5039682388305664,
    2.201655864715576,
    2.333369016647339
  ],
  "episode_lengths": [
    183.0,
    183.0,
    187.0,
    188.0,
    189.0,
    191.0,
    191.0,
    192.0,
    193.0,
    194.0,
    194.0,
    194.0,
    194.0,
    194.0,
    194.0,
    194.0,
    194.0,
    194.0,
    194.0,
    194.0,
    194.0,
    194.0,
    195.0,
    195.0,
    195.0,
    195.0,
    195.0,
    195.0,
    195.0,
    195.0,
    195.0,
    195.0,
    196.0,
    196.0,
    196.0,
    196.0,
    196.0,
    196.0,
    196.0,
    196.0,
    196.0,
    197.0,
    197.0,
    197.0,
    197.0,
    197.0,
    197.0,
    198.0,
    198.0,
    198.0,
    198.0,
    198.0,
    198.0,
    198.0,
    198.0,
    198.0,
    198.0,
    198.0,
    199.0,
    199.0,
    199.0,
    201.0,
    201.0,
    201.0
  ],
  "episode_max_body_height": [
    -10.0,
    -10.0,
    1.0620322227478027,
    1.1145198345184326,
    1.1015655994415283,
    1.093423843383789,
    1.064198613166809,
    1.051460862159729,
    1.0427916049957275,
    1.0460975170135498,
    1.0574367046356201,
    1.067368745803833,
    1.042548656463623,
    0.9954848885536194,
    1.0852570533752441,
    1.1236261129379272,
    0.987252414226532,
    1.0450818538665771,
    1.0561400651931763,
    1.0957295894622803,
    1.0773298740386963,
    1.1015764474868774,
    1.112234354019165,
    1.0683338642120361,
    1.0955653190612793,
    1.045757532119751,
    1.0364123582839966,
    1.0338643789291382,
    1.0170637369155884,
    1.061181664466858,
    1.0602225065231323,
    1.0965890884399414,
    0.9708310961723328,
    1.0974501371383667,
    1.0832326412200928,
    1.0392388105392456,
    1.0478628873825073,
    1.0556485652923584,
    1.0508521795272827,
    1.0569103956222534,
    1.1058051586151123,
    1.055504322052002,
    1.036189317703247,
    1.057546854019165,
    1.0381708145141602,
    1.0699137449264526,
    1.0613654851913452,
    1.0697250366210938,
    1.059806227684021,
    1.0140365362167358,
    1.1103250980377197,
    1.0515915155410767,
    1.0704833269119263,
    1.0790375471115112,
    1.065828800201416,
    1.0378587245941162,
    1.052310585975647,
    1.0752613544464111,
    0.9985789060592651,
    1.0498435497283936,
    1.0504682064056396,
    1.053356647491455,
    1.0574853420257568,
    1.0123611688613892
  ],