{
  "best_max_torso_height": 0.8968901634216309,
  "best_max_torso_x": 1.147615909576416,
  "checkpoint": "/root/whole_body_tracking-main/logs/rsl_rl/g1_dive_roll/2026-06-01_23-59-26_baseline_beyondmimic_800/model_799.pt",
  "episode_final_ang_speed": [
    2.3516957759857178,
    2.6449477672576904,
    3.3262557983398438,
    2.802426338195801,
    3.6515467166900635,
    2.8935790061950684,
    3.450507879257202,
    4.110604286193848,
    3.9486000537872314,
    4.074584484100342,
    4.084873676300049,
    4.04417610168457,
    4.069027423858643,
    4.0709428787231445,
    4.022985458374023,
    3.976257085800171,
    4.110406398773193,
    3.9565529823303223,
    4.028213977813721,
    2.9720304012298584,
    3.621734380722046,
    3.528123140335083,
    3.793156862258911,
    3.8542399406433105,
    3.758357524871826,
    4.063272953033447,
    3.7974438667297363,
    3.7802276611328125,
    3.8044846057891846,
    3.276010513305664,
    3.58343243598938,
    3.525697708129883,
    3.8684945106506348,
    4.081584930419922,
    3.1551527976989746,
    3.6567420959472656,
    3.66167950630188,
    3.598162889480591,
    3.4353184700012207,
    3.4817721843719482,
    3.6165075302124023,
    3.3852486610412598,
    3.850645065307617,
    3.574720621109009,
    3.275357723236084,
    3.1901118755340576,
    3.844789505004883,
    3.648987054824829,
    3.8676531314849854,
    3.348292112350464,
    3.8491876125335693,
    3.8601815700531006,
    3.1121878623962402,
    3.3731515407562256,
    3.8346023559570312,
    3.6013758182525635,
    3.862778902053833,
    3.245595932006836,
    3.712310791015625,
    3.3500139713287354,
    3.426328182220459,
    3.3639414310455322,
    3.6019604206085205,
    3.735457181930542
  ],
  "episode_final_speed": [
    2.290074586868286,
    2.6969170570373535,
    2.6921844482421875,
    2.833914041519165,
    3.185051918029785,
    2.690670967102051,
    3.0950355529785156,
    3.134833812713623,
    3.0183374881744385,
    3.099576950073242,
    2.9520976543426514,
    3.023784875869751,
    2.8894429206848145,
    3.019883155822754,
    3.0548183917999268,
    2.8558473587036133,
    2.6770071983337402,
    2.9884676933288574,
    3.0512166023254395,
    1.4319548606872559,
    2.5993242263793945,
    3.0468130111694336,
    2.7489402294158936,
    3.048738479614258,
    1.801334261894226,
    2.710641860961914,
    2.5960283279418945,
    2.434954881668091,
    1.2005035877227783,
    2.936708927154541,
    1.6680049896240234,
    2.835345983505249,
    2.104844093322754,
    2.104780912399292,
    1.5950467586517334,
    2.6166622638702393,
    1.9825186729431152,
    2.071320056915283,
    2.2878756523132324,
    2.2194368839263916,
    2.2412784099578857,
    2.1795122623443604,
    2.3834760189056396,
    2.748462438583374,
    1.8698108196258545,
    2.0282888412475586,
    2.1750078201293945,
    2.2925333976745605,
    2.231020450592041,
    1.8934314250946045,
    2.413484573364258,
    2.118889331817627,
    2.594191789627075,
    2.358309030532837,
    2.117678642272949,
    2.241945266723633,
    2.2741081714630127,
    2.219097375869751,
    2.42136812210083,
    2.743166208267212,
    2.4850502014160156,
    2.3338096141815186,
    2.5013933181762695,
    2.3973228931427
  ],
  "episode_final_yaw_error": [
    0.10553361475467682,
    0.279202938079834,
    0.40744492411613464,
    0.42816877365112305,
    0.3510070741176605,
    0.5500537157058716,
    0.4554373621940613,
    0.518896222114563,
    0.4907270669937134,
    0.3769369125366211,
    0.4995836019515991,
    0.5110739469528198,
    0.5929937362670898,
    0.457592248916626,
    0.47113415598869324,
    0.5844064950942993,
    0.2331213653087616,
    0.39965859055519104,
    0.5580890774726868,
    0.7099506855010986,
    0.5415862798690796,
    0.6493993997573853,
    0.5723459720611572,
    0.5167275071144104,
    0.5075845718383789,
    0.5600178837776184,
    0.4699822962284088,
    0.4828358590602875,
    0.36625975370407104,
    0.62557452917099,
    0.49564602971076965,
    0.5432527661323547,
    0.661945104598999,
    0.019074106588959694,
    0.5550782680511475,
    0.5488824248313904,
    0.6396918892860413,
    0.5621838569641113,
    0.6372005939483643,
    0.6058993339538574,
    0.5115727186203003,
    0.6013249754905701,
    0.6194356679916382,
    0.6509402394294739,
    0.5605559945106506,
    0.6298820376396179,
    0.6248840689659119,
    0.6392794251441956,
    0.5731602907180786,
    0.642669141292572,
    0.5327795743942261,
    0.6443634629249573,
    0.640065610408783,
    0.8017902374267578,
    0.5128717422485352,
    0.18097496032714844,
    0.5939528942108154,
    0.5541701912879944,
    0.5302163362503052,
    0.44241848587989807,
    0.5119792222976685,
    0.5358079671859741,
    0.6378808617591858,
    0.4765990972518921
  ],
  "episode_lengths": [
    137.0,
    170.0,
    170.0,
    172.0,
    172.0,
    172.0,
    173.0,
    174.0,
    175.0,
    175.0,
    175.0,
    175.0,
    176.0,
    176.0,
    176.0,
    176.0,
    176.0,
    176.0,
    176.0,
    177.0,
    177.0,
    177.0,
    177.0,
    177.0,
    178.0,
    178.0,
    178.0,
    178.0,
    178.0,
    178.0,
    178.0,
    178.0,
    178.0,
    178.0,
    178.0,
    179.0,
    179.0,
    179.0,
    179.0,
    179.0,
    179.0,
    179.0,
    179.0,
    179.0,
    179.0,
    179.0,
    179.0,
    179.0,
    179.0,
    179.0,
    179.0,
    179.0,
    179.0,
    179.0,
    179.0,
    179.0,
    179.0,
    179.0,
    179.0,
    179.0,
    179.0,
    179.0,
    179.0,
    179.0
  ],
  "episode_max_body_height": [
    -10.0,
    1.1096323728561401,
    1.0930320024490356,
    1.0966646671295166,
    1.0882171392440796,
    1.0797146558761597,
    1.0890867710113525,
    1.106057047843933,
    1.0951333045959473,
    1.0973552465438843,
    1.0778158903121948,
    1.0891486406326294,
    1.0829339027404785,
    1.0964282751083374,
    1.0887408256530762,
    1.0869110822677612,
    1.0934044122695923,
    1.0069820880889893,
    1.0779318809509277,
    -10.0,
    1.0754501819610596,
    1.0918225049972534,
    1.0870972871780396,
    1.0843393802642822,
    1.0971516370773315,
    0.9176550507545471,
    1.0886237621307373,
    1.109184980392456,
    1.093335509300232,
    1.0861268043518066,
    1.0928975343704224,
    1.1094474792480469,
    -10.0,
    1.109743595123291,
    1.0937299728393555,
    1.0953526496887207,
    1.0820729732513428,
    1.0964510440826416,
    1.0897963047027588,
    1.116403341293335,
    1.0850242376327515,
    0.9763014316558838,
    1.0919978618621826,
    1.1135809421539307,
    1.0890074968338013,
    1.0857925415039062,
    1.0863505601882935,
    1.1112700700759888,
    1.1105947494506836,
    1.0730897188186646,
    1.0861941576004028,
    1.084983229637146,
    1.0962541103363037,
    1.0886059999465942,
    1.087904691696167,
    1.095426321029663,
    1.061384916305542,
    1.0922255516052246,
    1.0834767818450928,
    1.1048799753189087,
    1.0690231323242188,
    1.0768680572509766,
    1.0835143327713013,
    1.1123489141464233
  ],