{
  "best_flip_rotation": 4.241841793060303,
  "best_max_torso_height": 1.013472557067871,
  "best_max_torso_x": 0.9943491220474243,
  "checkpoint": "/root/whole_body_tracking-main/logs/rsl_rl/g1_asap_spiderman_l2/2026-06-02_23-24-40_adapted_task_rewards/model_799.pt",
  "episode_final_ang_speed": [
    0.13409587740898132,
    0.8246651291847229,
    0.48822206258773804,
    0.7619931101799011,
    0.5994324088096619,
    1.3579272031784058,
    0.5913209915161133,
    0.8716904520988464,
    0.49686506390571594,
    0.8080864548683167,
    0.8126165866851807,
    0.3779674470424652,
    0.8919475078582764,
    0.3507731258869171,
    0.3118656873703003,
    0.6652145981788635,
    1.9693593978881836,
    0.5696607232093811,
    0.5329987406730652,
    0.6189043521881104,
    0.2827954590320587,
    0.2465319037437439,
    0.19352126121520996,
    0.0923672541975975,
    0.2438751459121704,
    0.277624249458313,
    0.17649906873703003,
    2.3982956409454346,
    0.6483173966407776,
    0.4681902527809143,
    0.42569196224212646,
    0.08094538003206253,
    0.5335130095481873,
    0.414449542760849,
    0.2211565375328064,
    0.4505836069583893,
    1.2598021030426025,
    0.548313558101654,
    0.9315550327301025,
    0.7138960957527161,
    0.5472822189331055,
    1.240891933441162,
    0.6025187969207764,
    0.8552784323692322,
    0.5406585931777954,
    0.8819688558578491,
    2.2894492149353027,
    0.4330226480960846,
    0.5401775240898132,
    5.864587783813477,
    0.9633670449256897,
    0.42687249183654785,
    0.5054681301116943,
    0.5967353582382202,
    0.5057402849197388,
    0.4860999286174774,
    0.17605136334896088,
    0.5299600958824158,
    0.28502845764160156,
    0.22774161398410797,
    0.5716379880905151,
    0.44650766253471375,
    0.815289318561554,
    0.29827865958213806
  ],
  "episode_final_speed": [
    0.09187240898609161,
    0.1347476840019226,
    0.13116754591464996,
    0.18849864602088928,
    0.13492070138454437,
    0.43907424807548523,
    0.15132254362106323,
    0.05609680712223053,
    0.06601554900407791,
    0.2677665650844574,
    0.07191958278417587,
    0.46010804176330566,
    0.26108869910240173,
    0.10544846206903458,
    0.09796787798404694,
    0.14544928073883057,
    0.3432544469833374,
    0.07583816349506378,
    0.13249339163303375,
    0.4433995485305786,
    0.08140087872743607,
    0.06551563739776611,
    0.1173558160662651,
    0.16722144186496735,
    0.27331453561782837,
    0.11688151955604553,
    0.09908606112003326,
    0.32055583596229553,
    0.05206675082445145,
    0.06336834281682968,
    0.15327534079551697,
    0.05232585594058037,
    0.17005503177642822,
    0.13365192711353302,
    0.06727033853530884,
    0.13664911687374115,
    0.25256282091140747,
    0.14292985200881958,
    0.20889759063720703,
    0.24820204079151154,
    0.1265600472688675,
    0.8929519057273865,
    0.22542421519756317,
    0.26632776856422424,
    0.06902088969945908,
    0.0358009859919548,
    1.637415885925293,
    0.3731768727302551,
    0.1793365478515625,
    2.781794786453247,
    0.0859924852848053,
    0.15317848324775696,
    0.06532078981399536,
    0.3303055167198181,
    0.1470508724451065,
    0.176365464925766,
    0.06191253662109375,
    0.1562035083770752,
    0.10733034461736679,
    0.09893618524074554,
    0.14150486886501312,
    0.09588668495416641,
    0.3186289370059967,
    0.19068238139152527
  ],
  "episode_final_yaw_error": [
    0.010743782855570316,
    0.005000963341444731,
    0.0026817338075488806,
    0.05209259316325188,
    0.03883692994713783,
    0.037322867661714554,
    0.06010899320244789,
    0.06377965211868286,
    0.033081673085689545,
    0.011203332804143429,
    0.03944915905594826,
    0.050781045109033585,
    0.05658992752432823,
    0.025608010590076447,
    0.00695945555344224,
    0.009889538399875164,
    1.4914069175720215,
    0.051510222256183624,
    0.03503001853823662,
    0.031359877437353134,
    0.015041862614452839,
    0.02362077869474888,
    0.019691266119480133,
    0.03193697705864906,
    0.05283305421471596,
    0.03122720867395401,
    0.005858506076037884,
    0.05109148845076561,
    0.03102431446313858,
    0.03560510277748108,
    0.020968738943338394,
    0.027549592778086662,
    0.008697379380464554,
    0.001288405735976994,
    0.015446317382156849,
    0.0016949836863204837,
    0.06959418207406998,
    0.03981666639447212,
    0.02315552346408367,
    0.038369569927453995,
    0.023796003311872482,
    0.08931512385606766,
    0.003337043570354581,
    0.04986885190010071,
    0.11153989285230637,
    0.040974605828523636,
    0.0073610651306807995,
    0.034114640206098557,
    0.008653600700199604,
    0.34231922030448914,
    0.042523905634880066,
    0.012163701467216015,
    0.03065735287964344,
    0.021491168066859245,
    0.007581451442092657,
    0.03148548677563667,
    0.0033680940978229046,
    0.05337725579738617,
    0.008401420898735523,
    0.041638463735580444,
    0.04161742702126503,
    0.037326835095882416,
    0.002492720726877451,
    0.008790955878794193
  ],
  "episode_flip_rotation": [
    3.132958173751831,
    3.468613386154175,
    3.233646869659424,
    3.101489543914795,
    2.9823801517486572,
    3.1076347827911377,
    3.163628339767456,
    3.2708568572998047,
    3.531599521636963,
    2.973187208175659,
    3.4083151817321777,
    2.803650140762329,
    2.9158387184143066,
    3.5139665603637695,
    3.3616480827331543,
    4.02621603012085,
    2.5700480937957764,
    3.494581699371338,
    2.9288861751556396,
    3.480346202850342,
    2.816896677017212,
    3.713402509689331,
    2.9922983646392822,
    3.147977590560913,
    3.011320114135742,
    3.1156437397003174,
    3.0991997718811035,
    3.356977939605713,
    3.092514991760254,
    3.261218786239624,
    2.714797258377075,
    3.2648849487304688,
    3.056506395339966,
    3.173959732055664,
    3.2372303009033203,
    2.948028802871704,
    3.054150104522705,
    3.633204221725464,
    3.0691277980804443,
    4.241841793060303,
    3.3487067222595215,
    3.6036276817321777,
    3.544259548187256,
    3.310291290283203,
    3.438763380050659,
    3.3063113689422607,
    3.585373640060425,
    3.567713975906372,
    3.2494120597839355,
    2.986281633377075,
    3.1458489894866943,
    3.2596161365509033,
    3.541226387023926,
    3.0181071758270264,
    2.9153568744659424,
    3.832012176513672,
    3.1087586879730225,
    3.654926061630249,
    2.9080255031585693,
    2.884002685546875,
    2.767732620239258,
    2.984178304672241,
    3.087283134460449,
    2.94122314453125
  ],
  "episode_lengths": [
    262.0,
    262.0,
    262.0,
    262.0,
    262.0,
    262.0,
    262.0,
    262.0,
    262.0,
    262.0,
    262.0,
    262.0,
    262.0,
    262.0,
    262.0,
    262.0,
    188.0,
    262.0,
    262.0,
    262.0,
    262.0,
    262.0,
    262.0,
    262.0,
    262.0,
    262.0,
    262.0,
    262.0,
    262.0,
    262.0,
    262.0,
    262.0,
    262.0,
    262.0,
    262.0,
    262.0,
    262.0,
    262.0,
    262.0,
    262.0,
    262.0,
    262.0,
    262.0,
    262.0,
    262.0,
    262.0,
    262.0,
    262.0,
    262.0,
    189.0,
    262.0,
    262.0,
    262.0,
    262.0,
    262.0,
    262.0,
    262.0,
    262.0,
    262.0,
    262.0,
    262.0,
    262.0,
    262.0,
    262.0
  ],