{
  "best_flip_rotation": 3.5242536067962646,
  "best_max_torso_height": 1.013472557067871,
  "best_max_torso_x": 0.9440646171569824,
  "checkpoint": "/root/whole_body_tracking-main/logs/rsl_rl/g1_asap_spiderman_l2_baseline/2026-06-02_23-02-08_baseline_beyondmimic/model_799.pt",
  "episode_final_ang_speed": [
    0.21870653331279755,
    0.3366258442401886,
    0.3337651491165161,
    0.6545017957687378,
    0.2212265282869339,
    0.24600744247436523,
    0.5475115180015564,
    0.6322927474975586,
    0.26323509216308594,
    0.6014463901519775,
    0.15740114450454712,
    0.25139671564102173,
    0.2486555278301239,
    1.169571042060852,
    0.2392076849937439,
    0.9762077927589417,
    0.4388017952442169,
    0.33595848083496094,
    0.3008209466934204,
    0.2939726710319519,
    0.18723663687705994,
    0.33045434951782227,
    0.38687512278556824,
    0.20124821364879608,
    0.26808926463127136,
    0.10790722817182541,
    0.19588029384613037,
    0.34145545959472656,
    0.5015369653701782,
    0.20067337155342102,
    0.17138129472732544,
    0.45088112354278564,
    0.297792911529541,
    0.5757342576980591,
    0.38321974873542786,
    0.18730618059635162,
    0.1807108074426651,
    0.24232393503189087,
    0.16025160253047943,
    0.3795953094959259,
    0.23206055164337158,
    0.44747889041900635,
    0.14185619354248047,
    0.3684006333351135,
    0.40764451026916504,
    0.3062320351600647,
    0.327286958694458,
    0.3632255494594574,
    0.1441251039505005,
    0.43243858218193054,
    0.21239915490150452,
    0.7371107935905457,
    1.0595842599868774,
    0.4543139338493347,
    0.32710230350494385,
    0.27182134985923767,
    0.0790880098938942,
    0.3096142113208771,
    0.3944540321826935,
    0.1108599379658699,
    0.5904521942138672,
    0.05515936762094498,
    0.21019293367862701,
    0.31317391991615295
  ],
  "episode_final_speed": [
    0.11621227115392685,
    0.20947273075580597,
    0.2101590484380722,
    0.46442943811416626,
    0.21332140266895294,
    0.035104699432849884,
    0.5089991688728333,
    0.6864901781082153,
    0.3389395475387573,
    0.3052971661090851,
    0.12426935136318207,
    0.18222962319850922,
    0.07440564781427383,
    0.6363040208816528,
    0.1037890762090683,
    0.46311742067337036,
    0.03316698595881462,
    0.11312199383974075,
    0.07996983826160431,
    0.04773488640785217,
    0.07472635805606842,
    0.293404757976532,
    0.11871105432510376,
    0.1778331995010376,
    0.7256054282188416,
    0.06347321718931198,
    0.09946103394031525,
    0.11650554090738297,
    0.38709402084350586,
    0.07539854943752289,
    0.061069637537002563,
    0.3689349889755249,
    0.06908538192510605,
    0.4082019329071045,
    0.10316475480794907,
    0.2034500390291214,
    0.15399810671806335,
    0.23632439970970154,
    0.05599776282906532,
    0.05653432011604309,
    0.10838223248720169,
    0.15818150341510773,
    0.18320724368095398,
    0.12388390302658081,
    0.09746180474758148,
    0.10911773890256882,
    0.35469698905944824,
    0.05811065435409546,
    0.09803669899702072,
    0.2362036556005478,
    0.11301247030496597,
    0.4241936504840851,
    1.31875741481781,
    0.639140784740448,
    0.21707980334758759,
    0.1162811741232872,
    0.08211135119199753,
    0.09018680453300476,
    0.09537459164857864,
    0.029442638158798218,
    0.34219807386398315,
    0.0704926922917366,
    0.14655980467796326,
    0.028467221185564995
  ],
  "episode_final_yaw_error": [
    0.05164356902241707,
    0.030018646270036697,
    0.08188767731189728,
    0.03156980872154236,
    0.04267008975148201,
    0.05347200483083725,
    0.008839876390993595,
    0.05180058628320694,
    0.013214142993092537,
    0.04812159016728401,
    0.00750596821308136,
    0.001009435043670237,
    0.012537531554698944,
    0.03677185997366905,
    0.07746894657611847,
    0.04191082343459129,
    0.10874680429697037,
    0.020621486008167267,
    0.019577588886022568,
    0.03657829761505127,
    0.006509942002594471,
    0.05234609171748161,
    0.031725358217954636,
    0.027924317866563797,
    0.009522940963506699,
    0.03780214861035347,
    0.041104577481746674,
    0.06645800173282623,
    0.014203683473169804,
    0.07517190277576447,
    0.06722734868526459,
    0.0024014958180487156,
    0.0007292203372344375,
    0.08483117073774338,
    0.054742440581321716,
    0.061011072248220444,
    0.08257084339857101,
    0.02702035754919052,
    0.09315591305494308,
    0.03813167288899422,
    0.031033003702759743,
    0.00378763722255826,
    0.009607954882085323,
    0.07189518213272095,
    0.06552020460367203,
    0.05246108025312424,
    0.06192859634757042,
    0.0015836985548958182,
    0.021077847108244896,
    0.016805145889520645,
    0.020833345130085945,
    0.09056944400072098,
    0.017790980637073517,
    0.024213945493102074,
    0.018161941319704056,
    0.1610090434551239,
    0.027591077610850334,
    0.037783581763505936,
    0.03146778419613838,
    0.08918578177690506,
    0.05943954735994339,
    0.040783293545246124,
    0.027474889531731606,
    0.022352980449795723
  ],
  "episode_flip_rotation": [
    2.6622984409332275,
    2.905691623687744,
    3.173672914505005,
    3.1914596557617188,
    3.5242536067962646,
    2.7847042083740234,
    2.4794387817382812,
    2.480404853820801,
    2.8471460342407227,
    2.4015557765960693,
    2.4384570121765137,
    2.560852527618408,
    2.535583734512329,
    2.844421148300171,
    2.5307552814483643,
    2.5295493602752686,
    2.825317859649658,
    2.6020846366882324,
    2.761348009109497,
    2.67966365814209,
    2.8874049186706543,
    2.717660665512085,
    2.487657308578491,
    2.986499071121216,
    2.7869105339050293,
    2.580310344696045,
    2.519437074661255,
    2.729734420776367,
    2.6712729930877686,
    2.429795742034912,
    2.943333387374878,
    2.560110569000244,
    2.7793285846710205,
    2.938870429992676,
    2.6223559379577637,
    2.7331111431121826,
    2.8115429878234863,
    2.7944717407226562,
    2.5000033378601074,
    2.725010633468628,
    2.543191432952881,
    2.622769355773926,
    2.3999745845794678,
    2.679426908493042,
    2.43182373046875,
    2.686107873916626,
    2.687828779220581,
    2.401233196258545,
    2.4980437755584717,
    3.21596097946167,
    2.7290923595428467,
    3.078860282897949,
    3.0311081409454346,
    2.8979129791259766,
    2.6901168823242188,
    3.0670788288116455,
    2.591503858566284,
    2.6090874671936035,
    2.49235200881958,
    3.0120275020599365,
    2.567350149154663,
    2.913926601409912,
    2.78244686126709,
    2.7174277305603027
  ],
  "episode_lengths": [
    262.0,
    262.0,
    262.0,
    262.0,
    262.0,
    262.0,
    262.0,
    262.0,
    262.0,
    262.0,
    262.0,
    262.0,
    262.0,
    262.0,
    262.0,
    262.0,
    262.0,
    262.0,
    262.0,
    262.0,
    262.0,
    262.0,
    262.0,
    262.0,
    262.0,
    262.0,
    262.0,
    262.0,
    262.0,
    262.0,
    262.0,
    262.0,
    262.0,
    262.0,
    262.0,
    262.0,
    262.0,
    262.0,
    262.0,
    262.0,
    262.0,
    262.0,
    262.0,
    262.0,
    262.0,
    262.0,
    262.0,
    262.0,
    262.0,
    262.0,
    262.0,
    262.0,
    262.0,
    262.0,
    262.0,
    262.0,
    262.0,
    262.0,
    262.0,
    262.0,
    262.0,
    262.0,
    262.0,
    262.0
  ],