{
  "checkpoint": "/root/whole_body_tracking-main/logs/rsl_rl/g1_knee_climb/2026-05-23_20-00-18_g1_knee_climb_50cm_fixed_start095_resume5000/model_6000.pt",
  "done": true,
  "max_clearance_over_obstacle": 0.4435851705551147,
  "max_torso_height": 1.3649179935455322,
  "max_torso_x": 2.515458345413208,
  "obstacle_height": 0.5087,
  "steps": 550,
  "success": true,
  "target_x": 1.7
}
