{
  "best_flip_rotation": 2.772202491760254,
  "best_max_torso_height": 0.9808863401412964,
  "best_max_torso_x": 0.7109127044677734,
  "checkpoint": "/root/whole_body_tracking-main/logs/rsl_rl/g1_asap_jump_forward_l5/2026-06-02_18-34-30_adapted_task_rewards/model_799.pt",
  "episode_final_ang_speed": [
    1.6047941446304321,
    3.3720028400421143,
    3.360367774963379,
    4.032395362854004,
    4.151222229003906,
    4.0811262130737305,
    2.8732879161834717,
    3.3012750148773193,
    2.8153250217437744,
    3.9373021125793457,
    2.884610176086426,
    2.8587779998779297,
    2.8351833820343018,
    3.154682159423828,
    2.402803421020508,
    3.2592804431915283,
    2.72428822517395,
    3.8808095455169678,
    4.137433052062988,
    3.5625357627868652,
    3.8821442127227783,
    3.345723867416382,
    3.7774503231048584,
    3.7528254985809326,
    2.9244954586029053,
    3.263619899749756,
    3.2250406742095947,
    2.4325644969940186,
    2.9292454719543457,
    2.9075374603271484,
    3.2657063007354736,
    2.373706817626953,
    1.1784247159957886,
    4.450894355773926,
    3.809770345687866,
    2.9479916095733643,
    3.217925548553467,
    3.7402915954589844,
    3.1371872425079346,
    4.195302486419678,
    3.8820080757141113,
    3.294015884399414,
    2.5935611724853516,
    2.3590052127838135,
    4.026062488555908,
    2.5437510013580322,
    2.9278926849365234,
    2.6700589656829834,
    1.8954787254333496,
    4.050272464752197,
    2.4887521266937256,
    2.774059534072876,
    2.601701021194458,
    2.8892972469329834,
    3.5681447982788086,
    4.275653839111328,
    3.8927323818206787,
    2.8458118438720703,
    2.7414710521698,
    3.487168550491333,
    2.948486328125,
    3.069220542907715,
    2.6889841556549072,
    2.971522808074951
  ],
  "episode_final_speed": [
    2.590808153152466,
    1.539716124534607,
    0.8289591073989868,
    1.3357070684432983,
    1.3411892652511597,
    1.106408953666687,
    1.669394612312317,
    1.9415678977966309,
    1.6382325887680054,
    0.9923383593559265,
    1.1848750114440918,
    1.1056779623031616,
    1.0647187232971191,
    0.8836039900779724,
    0.8620180487632751,
    1.1430588960647583,
    1.3759137392044067,
    1.8224762678146362,
    1.4623878002166748,
    1.1296610832214355,
    1.3347793817520142,
    1.1719448566436768,
    0.8428353667259216,
    1.091689109802246,
    0.9526095390319824,
    1.2273143529891968,
    1.1338785886764526,
    1.0701590776443481,
    0.9709941744804382,
    1.0978282690048218,
    1.2329334020614624,
    1.2148611545562744,
    2.7099480628967285,
    1.9171462059020996,
    1.4488310813903809,
    1.173842191696167,
    1.5846360921859741,
    1.2255445718765259,
    1.483425498008728,
    0.9410603046417236,
    1.2961452007293701,
    1.0295205116271973,
    1.0975438356399536,
    0.9355553984642029,
    0.9880963563919067,
    0.8858778476715088,
    0.9148004055023193,
    1.2300866842269897,
    2.764763593673706,
    1.5966824293136597,
    1.8311907052993774,
    2.2356011867523193,
    1.0198993682861328,
    1.716106653213501,
    0.9329189658164978,
    1.074837565422058,
    1.0079748630523682,
    0.982618510723114,
    1.4328809976577759,
    1.2995165586471558,
    1.016404628753662,
    1.1194217205047607,
    1.0464102029800415,
    0.9701862931251526
  ],
  "episode_final_yaw_error": [
    0.1455899178981781,
    0.0659010261297226,
    0.1359238624572754,
    0.24899044632911682,
    0.052789442241191864,
    0.17225037515163422,
    0.008173630572855473,
    0.013566873036324978,
    0.1103825569152832,
    0.07281149178743362,
    0.13236664235591888,
    0.07539287954568863,
    0.11987379193305969,
    0.15595586597919464,
    0.06953044980764389,
    0.15582430362701416,
    0.14783543348312378,
    0.15397034585475922,
    0.024976424872875214,
    0.0898595005273819,
    0.10762429237365723,
    0.18598304688930511,
    0.20139387249946594,
    0.019070418551564217,
    0.18408076465129852,
    0.0731639489531517,
    0.09346204251050949,
    0.1076614037156105,
    0.09494240581989288,
    0.15923886001110077,
    0.09930961579084396,
    0.048185333609580994,
    0.04751361906528473,
    0.0017539141699671745,
    0.12716566026210785,
    0.06446316838264465,
    0.05950101092457771,
    0.1137072965502739,
    0.09130645543336868,
    0.13889943063259125,
    0.1022961363196373,
    0.04430424049496651,
    0.0075490036979317665,
    0.0687573105096817,
    0.15081973373889923,
    0.009945528581738472,
    0.08274418860673904,
    0.0783427432179451,
    0.38595324754714966,
    0.14091770350933075,
    0.11132823675870895,
    0.13537926971912384,
    0.03195974975824356,
    0.04342545196413994,
    0.24299640953540802,
    0.15413179993629456,
    0.1356300562620163,
    0.19483649730682373,
    0.061336733400821686,
    0.05709134414792061,
    0.14365172386169434,
    0.10734031349420547,
    0.12318885326385498,
    0.10863889008760452
  ],
  "episode_flip_rotation": [
    1.5624637603759766,
    1.6337289810180664,
    1.905611276626587,
    1.8768388032913208,
    1.8403668403625488,
    1.8886518478393555,
    1.7359919548034668,
    1.9180572032928467,
    1.8325430154800415,
    1.8069173097610474,
    1.8980464935302734,
    1.992863416671753,
    1.9045801162719727,
    1.9068713188171387,
    1.9266804456710815,
    1.8679804801940918,
    1.8549048900604248,
    1.8914823532104492,
    1.9518239498138428,
    1.8789373636245728,
    1.8304393291473389,
    2.139857053756714,
    2.0334739685058594,
    1.7272570133209229,
    1.8437483310699463,
    1.9050211906433105,
    1.893485426902771,
    1.9186952114105225,
    2.772202491760254,
    1.9604110717773438,
    2.008845567703247,
    2.011857271194458,
    1.551314353942871,
    2.0025641918182373,
    1.90541410446167,
    1.9161369800567627,
    1.6362987756729126,
    1.747200846672058,
    1.7646087408065796,
    1.9045480489730835,
    1.777015209197998,
    1.76949942111969,
    2.234008550643921,
    2.227994918823242,
    1.958744764328003,
    1.974255084991455,
    1.9388141632080078,
    1.8974113464355469,
    1.6830229759216309,
    1.7357319593429565,
    1.8021643161773682,
    1.7642573118209839,
    2.373741626739502,
    1.9196749925613403,
    2.063441753387451,
    1.8703385591506958,
    1.8050795793533325,
    1.9398243427276611,
    1.8149183988571167,
    1.7854900360107422,
    1.9133598804473877,
    2.0047874450683594,
    1.8862732648849487,
    1.9668480157852173
  ],
  "episode_lengths": [
    103.0,
    105.0,
    106.0,
    106.0,
    106.0,
    106.0,
    106.0,
    106.0,
    106.0,
    106.0,
    107.0,
    107.0,
    107.0,
    107.0,
    107.0,
    107.0,
    107.0,
    105.0,
    105.0,
    106.0,
    106.0,
    106.0,
    107.0,
    106.0,
    107.0,
    107.0,
    107.0,
    107.0,
    107.0,
    107.0,
    107.0,
    107.0,
    102.0,
    105.0,
    106.0,
    107.0,
    105.0,
    106.0,
    106.0,
    106.0,
    106.0,
    106.0,
    107.0,
    107.0,
    107.0,
    107.0,
    107.0,
    107.0,
    102.0,
    105.0,
    106.0,
    104.0,
    107.0,
    106.0,
    107.0,
    106.0,
    106.0,
    107.0,
    106.0,
    106.0,
    107.0,
    107.0,
    107.0,
    107.0
  ],