{
  "best_flip_rotation": 4.447630882263184,
  "best_max_torso_height": 0.9808863401412964,
  "best_max_torso_x": 1.0882692337036133,
  "checkpoint": "/root/whole_body_tracking-main/logs/rsl_rl/g1_asap_jump_forward_l5_baseline/2026-06-02_18-09-54_baseline_beyondmimic/model_799.pt",
  "episode_final_ang_speed": [
    3.949547052383423,
    3.4577929973602295,
    4.009336948394775,
    4.644715785980225,
    2.6411962509155273,
    3.713195323944092,
    3.3154056072235107,
    3.632927417755127,
    3.763204336166382,
    3.353085994720459,
    3.538055181503296,
    3.205350399017334,
    3.756784439086914,
    3.107734203338623,
    8.801485061645508,
    9.222504615783691,
    2.4375224113464355,
    1.1654164791107178,
    2.815538167953491,
    3.4538581371307373,
    3.828279972076416,
    1.3801157474517822,
    1.062894582748413,
    3.1810548305511475,
    3.4361777305603027,
    3.4249181747436523,
    3.1796371936798096,
    3.307711124420166,
    6.071883201599121,
    6.734348297119141,
    3.057845115661621,
    4.121542453765869,
    2.926826000213623,
    2.335766077041626,
    2.577878475189209,
    3.1233952045440674,
    3.7329344749450684,
    1.4663550853729248,
    2.7101387977600098,
    2.8086607456207275,
    4.52453088760376,
    3.3370425701141357,
    3.580504894256592,
    7.752285003662109,
    2.3250086307525635,
    3.1080596446990967,
    4.145654678344727,
    2.974463701248169,
    6.161486625671387,
    3.798762321472168,
    4.0021467208862305,
    3.566824436187744,
    4.121496677398682,
    3.6016948223114014,
    3.361236333847046,
    2.0088284015655518,
    2.856241464614868,
    3.909041166305542,
    2.8227698802948,
    3.431007146835327,
    3.864175319671631,
    3.5314712524414062,
    3.8736155033111572,
    1.6097044944763184
  ],
  "episode_final_speed": [
    2.6726911067962646,
    2.371009588241577,
    2.247058391571045,
    2.5297396183013916,
    1.8221800327301025,
    2.3377816677093506,
    3.1948392391204834,
    3.228649377822876,
    3.571377754211426,
    3.1304924488067627,
    3.1295926570892334,
    2.896425724029541,
    2.9662134647369385,
    2.7820730209350586,
    2.2603747844696045,
    2.5417215824127197,
    3.225250005722046,
    2.9753012657165527,
    2.8340859413146973,
    2.47955322265625,
    2.1288509368896484,
    2.913120746612549,
    2.8123178482055664,
    2.1587777137756348,
    2.181835889816284,
    2.8021113872528076,
    2.082005739212036,
    3.203387975692749,
    2.617703676223755,
    2.2824530601501465,
    3.0303492546081543,
    2.0244815349578857,
    2.0969181060791016,
    3.1859381198883057,
    3.030839681625366,
    2.9174556732177734,
    2.0710577964782715,
    3.385373830795288,
    3.0016469955444336,
    2.909663677215576,
    2.7511658668518066,
    3.1642613410949707,
    3.145538330078125,
    2.4386861324310303,
    2.7669405937194824,
    3.238309621810913,
    3.0170228481292725,
    2.031911849975586,
    2.2422592639923096,
    2.425123453140259,
    2.391646385192871,
    2.654642343521118,
    2.6159279346466064,
    2.7406816482543945,
    2.0861141681671143,
    3.099525213241577,
    1.9304182529449463,
    3.3350937366485596,
    1.8998256921768188,
    3.0392818450927734,
    2.632828950881958,
    3.0223612785339355,
    3.180765151977539,
    2.9318764209747314
  ],
  "episode_final_yaw_error": [
    0.3616485893726349,
    0.33217254281044006,
    0.31697726249694824,
    0.24167177081108093,
    0.3164711892604828,
    0.24552781879901886,
    0.15002666413784027,
    0.05777542665600777,
    0.013052449561655521,
    0.08378704637289047,
    0.03543711081147194,
    0.0018780286191031337,
    0.0632823184132576,
    0.016917740926146507,
    0.2246568351984024,
    0.43157535791397095,
    0.2506199777126312,
    0.3419426679611206,
    0.40315359830856323,
    0.3575645685195923,
    0.30540987849235535,
    0.3095609247684479,
    0.4010862410068512,
    0.26728978753089905,
    0.25880196690559387,
    0.10468722879886627,
    0.21326208114624023,
    0.054962173104286194,
    0.17703650891780853,
    0.21926851570606232,
    0.06907675415277481,
    0.20667557418346405,
    0.3102644979953766,
    0.28361377120018005,
    0.19658561050891876,
    0.41489577293395996,
    0.26911628246307373,
    0.10219459980726242,
    0.29036131501197815,
    0.12310275435447693,
    0.061484090983867645,
    0.09042827785015106,
    0.07062875479459763,
    0.2892124056816101,
    0.4309900403022766,
    0.13836582005023956,
    0.0244262907654047,
    0.23752230405807495,
    2.9882609844207764,
    0.3927114009857178,
    0.25560593605041504,
    0.42554938793182373,
    0.3211025595664978,
    0.43239131569862366,
    0.24375852942466736,
    0.044700536876916885,
    0.2900471091270447,
    0.008100129663944244,
    0.21452733874320984,
    0.06197265535593033,
    0.111740343272686,
    0.0697917714715004,
    0.0003164650988765061,
    0.4028083086013794
  ],
  "episode_flip_rotation": [
    1.0126008987426758,
    1.162400245666504,
    1.1990464925765991,
    1.2509995698928833,
    1.122554063796997,
    1.4848358631134033,
    1.7911930084228516,
    1.8121066093444824,
    2.000227928161621,
    1.993575930595398,
    2.015641689300537,
    1.7810866832733154,
    1.9571812152862549,
    2.0018248558044434,
    2.476177453994751,
    2.5739753246307373,
    1.165199637413025,
    0.773952305316925,
    0.7203115820884705,
    1.151818037033081,
    1.2590879201889038,
    0.9392795562744141,
    0.9028107523918152,
    1.5196070671081543,
    1.4408204555511475,
    1.7909324169158936,
    1.7212245464324951,
    1.9971529245376587,
    2.0494604110717773,
    2.320561647415161,
    2.067002296447754,
    2.2265803813934326,
    1.3862124681472778,
    1.1638141870498657,
    1.1798875331878662,
    0.9479159712791443,
    1.476516604423523,
    2.120354652404785,
    1.2195701599121094,
    1.8509695529937744,
    1.8949010372161865,
    1.9078601598739624,
    2.10499906539917,
    2.3232614994049072,
    1.0570768117904663,
    1.9340335130691528,
    1.9090538024902344,
    1.5126498937606812,
    4.447630882263184,
    1.1503859758377075,
    1.482944130897522,
    1.1336817741394043,
    1.2599307298660278,
    1.0979136228561401,
    1.4970670938491821,
    1.00217604637146,
    1.4331235885620117,
    1.9403505325317383,
    1.7547404766082764,
    1.7906150817871094,
    1.7560025453567505,
    1.8725067377090454,
    1.9563791751861572,
    0.653170108795166
  ],
  "episode_lengths": [
    84.0,
    86.0,
    86.0,
    86.0,
    87.0,
    88.0,
    97.0,
    98.0,
    98.0,
    99.0,
    99.0,
    100.0,
    100.0,
    100.0,
    108.0,
    109.0,
    65.0,
    77.0,
    81.0,
    85.0,
    86.0,
    76.0,
    77.0,
    88.0,
    88.0,
    99.0,
    89.0,
    98.0,
    105.0,
    106.0,
    99.0,
    115.0,
    87.0,
    59.0,
    64.0,
    82.0,
    88.0,
    100.0,
    62.0,
    99.0,
    103.0,
    97.0,
    98.0,
    107.0,
    81.0,
    98.0,
    100.0,
    90.0,
    131.0,
    84.0,
    88.0,
    84.0,
    85.0,
    82.0,
    88.0,
    61.0,
    88.0,
    99.0,
    90.0,
    99.0,
    102.0,
    100.0,
    96.0,
    80.0
  ],