{
  "best_max_torso_height": 0.8953899145126343,
  "best_max_torso_x": 2.138800859451294,
  "checkpoint": "/root/whole_body_tracking-main/logs/rsl_rl/g1_roll_vault_v4/2026-06-01_23-24-53_adapted_v4_tracking_balanced_800/model_799.pt",
  "episode_final_ang_speed": [
    0.36438238620758057,
    0.7670573592185974,
    0.5128695964813232,
    0.5057435631752014,
    0.9843674898147583,
    0.9652286171913147,
    0.9260979890823364,
    0.7410420179367065,
    0.944188117980957,
    0.5867239236831665,
    0.6975147128105164,
    0.9852761030197144,
    1.1474920511245728,
    0.9005857110023499,
    1.1130053997039795,
    0.8930534720420837,
    0.6614406704902649,
    0.7137933969497681,
    1.0714744329452515,
    0.6940528154373169,
    0.9630059599876404,
    0.7389770746231079,
    1.344018578529358,
    0.8871184587478638,
    0.8131688833236694,
    1.9535021781921387,
    1.0850533246994019,
    1.10944402217865,
    0.824812114238739,
    0.76913982629776,
    1.0093213319778442,
    0.8581377863883972,
    0.9244033694267273,
    0.5768335461616516,
    0.9012712240219116,
    0.9143080711364746,
    0.9712775349617004,
    0.8044242858886719,
    0.9681556820869446,
    1.2713857889175415,
    0.9920743107795715,
    1.2173913717269897,
    1.085773229598999,
    1.836687445640564,
    1.103893756866455,
    1.0211071968078613,
    1.269047737121582,
    0.8712931275367737,
    1.073559045791626,
    1.260689616203308,
    0.8822214007377625,
    0.9384405016899109,
    1.5447027683258057,
    0.7913510799407959,
    1.1269863843917847,
    1.2500457763671875,
    1.286115050315857,
    1.1434332132339478,
    1.361492395401001,
    0.882737398147583,
    0.7987990379333496,
    0.8060824871063232,
    0.49161872267723083,
    1.0919923782348633
  ],
  "episode_final_speed": [
    0.06222088262438774,
    0.0659504309296608,
    0.09263603389263153,
    0.0877247303724289,
    0.1460210680961609,
    0.12352272868156433,
    0.1239250972867012,
    0.07569869607686996,
    0.09382863342761993,
    0.0931733250617981,
    0.11360416561365128,
    0.06746035814285278,
    0.14677289128303528,
    0.15585999190807343,
    0.12324421107769012,
    0.07823333889245987,
    0.13119934499263763,
    0.11101981997489929,
    0.1385597586631775,
    0.05747946724295616,
    0.08400178700685501,
    0.09451275318861008,
    0.09526097774505615,
    0.04251747578382492,
    0.05709761753678322,
    0.21494290232658386,
    0.11493106186389923,
    0.1612236052751541,
    0.1259409338235855,
    0.07545198500156403,
    0.10265515744686127,
    0.10914146900177002,
    0.10576581954956055,
    0.05349104851484299,
    0.10221722722053528,
    0.12938764691352844,
    0.08618180453777313,
    0.07018209993839264,
    0.09731481224298477,
    0.14115698635578156,
    0.11924069374799728,
    0.11949903517961502,
    0.09713632613420486,
    0.7202907800674438,
    0.1324496865272522,
    0.11479000002145767,
    0.1407652199268341,
    0.12164527922868729,
    0.0641687735915184,
    0.13181240856647491,
    0.1254386454820633,
    0.07648396492004395,
    0.22668421268463135,
    0.1232328936457634,
    0.1163540855050087,
    0.15872055292129517,
    0.12304764240980148,
    0.10841985046863556,
    0.17698301374912262,
    0.17244097590446472,
    0.177669957280159,
    0.1682504415512085,
    0.13826745748519897,
    0.18580065667629242
  ],
  "episode_final_yaw_error": [
    0.3728561997413635,
    0.06258523464202881,
    0.10538280755281448,
    0.0905984416604042,
    0.005382001865655184,
    0.08961179107427597,
    0.2913021445274353,
    0.010806378908455372,
    0.06605321913957596,
    0.36909884214401245,
    0.05826496705412865,
    0.2629583477973938,
    0.625309944152832,
    0.5014089941978455,
    0.3880212903022766,
    0.18927045166492462,
    0.1831984966993332,
    0.2686921954154968,
    0.3224432170391083,
    0.1365717500448227,
    0.021671874448657036,
    0.02305532619357109,
    0.5403910279273987,
    0.3500005006790161,
    0.07233335822820663,
    0.22819171845912933,
    0.15187543630599976,
    0.3837602436542511,
    0.2755524814128876,
    0.03777799755334854,
    0.08359935134649277,
    0.09901594370603561,
    0.40015748143196106,
    0.050140127539634705,
    0.026783214882016182,
    0.16372431814670563,
    0.11043258011341095,
    0.11536869406700134,
    0.10910210758447647,
    0.16460229456424713,
    0.0797252282500267,
    0.24773548543453217,
    0.05168928951025009,
    0.022723592817783356,
    0.07827965915203094,
    0.04802657291293144,
    0.06605396419763565,
    0.04955495521426201,
    0.13161413371562958,
    0.07705554366111755,
    0.15935105085372925,
    0.015490638092160225,
    0.4181186258792877,
    0.12769019603729248,
    0.03155353292822838,
    0.12574441730976105,
    0.18693508207798004,
    0.06590302288532257,
    0.009056071750819683,
    0.042880818247795105,
    0.12977495789527893,
    0.29827749729156494,
    0.1320144385099411,
    0.8092458844184875
  ],
  "episode_lengths": [
    267.0,
    267.0,
    268.0,
    268.0,
    268.0,
    268.0,
    268.0,
    268.0,
    268.0,
    268.0,
    268.0,
    268.0,
    268.0,
    268.0,
    268.0,
    268.0,
    268.0,
    268.0,
    268.0,
    268.0,
    269.0,
    269.0,
    269.0,
    269.0,
    269.0,
    269.0,
    269.0,
    269.0,
    269.0,
    269.0,
    269.0,
    269.0,
    269.0,
    269.0,
    269.0,
    269.0,
    269.0,
    269.0,
    269.0,
    269.0,
    269.0,
    269.0,
    269.0,
    269.0,
    269.0,
    269.0,
    269.0,
    269.0,
    270.0,
    270.0,
    270.0,
    270.0,
    270.0,
    270.0,
    270.0,
    270.0,
    270.0,
    270.0,
    270.0,
    272.0,
    272.0,
    272.0,
    272.0,
    273.0
  ],
  "episode_max_body_height": [
    1.1002458333969116,
    1.0843919515609741,
    1.0919339656829834,
    1.0922151803970337,
    1.0977530479431152,
    1.0881894826889038,
    1.0962047576904297,
    1.0961116552352905,
    1.0960923433303833,
    1.1070834398269653,
    1.1079026460647583,
    1.0966928005218506,
    1.0904431343078613,
    1.0893962383270264,
    1.0866490602493286,
    1.1031441688537598,
    1.0835950374603271,
    1.0866979360580444,
    1.0890651941299438,
    1.0968329906463623,
    1.0878517627716064,
    1.0922003984451294,
    1.1025383472442627,
    1.0944263935089111,
    1.1031713485717773,
    1.0950183868408203,
    1.104870319366455,
    1.1172488927841187,
    1.091423511505127,
    1.0954315662384033,
    1.108214259147644,
    1.0917367935180664,
    1.1025241613388062,
    1.0963801145553589,
    1.0923923254013062,
    1.1155366897583008,
    1.0975053310394287,
    1.1209667921066284,
    1.094200611114502,
    1.093353509902954,
    1.1000704765319824,
    1.1024773120880127,
    1.0894345045089722,
    1.1019530296325684,
    1.0869084596633911,
    1.0902243852615356,
    1.1006187200546265,
    1.0838083028793335,
    1.1046866178512573,
    1.1074419021606445,
    1.1101125478744507,
    1.0818146467208862,
    1.094195008277893,
    1.1086745262145996,
    1.1087990999221802,
    1.0855679512023926,
    1.0952539443969727,
    1.0971274375915527,
    1.1002089977264404,
    1.1130377054214478,
    1.1059411764144897,
    1.112494707107544,
    1.108956217765808,
    1.1086210012435913
  ],