{
  "best_max_torso_height": 0.8953899145126343,
  "best_max_torso_x": 1.3835148811340332,
  "checkpoint": "/root/whole_body_tracking-main/logs/rsl_rl/g1_roll_vault/2026-06-01_22-38-11_adapted_task_rewards_800/model_799.pt",
  "episode_final_ang_speed": [
    6.2855753898620605,
    7.475091934204102,
    5.968868255615234,
    5.1514573097229,
    5.76864767074585,
    5.946080684661865,
    6.3752760887146,
    7.580969333648682,
    4.518826484680176,
    5.5668044090271,
    6.004887104034424,
    5.097645282745361,
    7.865600109100342,
    5.7399067878723145,
    4.485676288604736,
    3.8884456157684326,
    3.98215389251709,
    5.973301410675049,
    4.382719039916992,
    4.583189010620117,
    4.7365617752075195,
    3.8264846801757812,
    5.397266387939453,
    4.123608589172363,
    3.7764334678649902,
    3.8251914978027344,
    3.8471109867095947,
    4.156322002410889,
    4.421433925628662,
    4.011808395385742,
    5.416309833526611,
    5.043520927429199,
    3.434321880340576,
    4.10773229598999,
    3.6284945011138916,
    4.129891872406006,
    4.1707892417907715,
    4.777462005615234,
    4.221227645874023,
    4.139727592468262,
    4.1674628257751465,
    5.367271900177002,
    4.46312952041626,
    4.4027276039123535,
    5.071959495544434,
    4.363561153411865,
    5.786197185516357,
    4.988504886627197,
    4.788407325744629,
    5.310276031494141,
    4.89751672744751,
    4.594577789306641,
    5.066997051239014,
    5.602489948272705,
    6.250084400177002,
    5.955723762512207,
    6.273676872253418,
    6.938772678375244,
    7.000908851623535,
    6.544121265411377,
    5.813365459442139,
    6.697484493255615,
    9.056073188781738,
    8.092406272888184
  ],
  "episode_final_speed": [
    3.578545331954956,
    3.5062668323516846,
    3.1834826469421387,
    2.985832452774048,
    3.3650269508361816,
    3.222493886947632,
    3.3855347633361816,
    3.858604669570923,
    3.2508020401000977,
    3.52272891998291,
    3.572566509246826,
    3.4198286533355713,
    3.2847752571105957,
    3.5472092628479004,
    3.277268886566162,
    3.158849000930786,
    3.551391839981079,
    2.4876646995544434,
    3.168962240219116,
    2.5573902130126953,
    3.2579147815704346,
    3.2049686908721924,
    2.853686809539795,
    2.617875337600708,
    3.4622418880462646,
    2.949795722961426,
    3.1390388011932373,
    2.6583943367004395,
    2.6997900009155273,
    3.0252187252044678,
    1.8953644037246704,
    2.8046107292175293,
    2.707566022872925,
    2.9420928955078125,
    2.716423749923706,
    2.835810422897339,
    2.702138900756836,
    2.4773125648498535,
    2.606403350830078,
    2.505115032196045,
    2.476264715194702,
    1.6182770729064941,
    2.3430793285369873,
    2.4851109981536865,
    2.248450756072998,
    2.6465747356414795,
    2.268455743789673,
    2.45084810256958,
    2.8088927268981934,
    2.4166104793548584,
    2.7233405113220215,
    2.7012126445770264,
    2.5478687286376953,
    2.465940237045288,
    2.283149242401123,
    2.2520828247070312,
    2.484712600708008,
    2.0172343254089355,
    1.8843363523483276,
    2.094914674758911,
    2.2767670154571533,
    1.9419877529144287,
    1.695446491241455,
    2.257368803024292
  ],
  "episode_final_yaw_error": [
    0.6000710725784302,
    0.4605919420719147,
    0.6642693877220154,
    0.7954145669937134,
    1.109818458557129,
    1.3677510023117065,
    1.2934138774871826,
    1.22654390335083,
    1.3745081424713135,
    1.5901685953140259,
    1.5120896100997925,
    1.6289842128753662,
    1.4210922718048096,
    1.8491897583007812,
    2.0343070030212402,
    1.8762686252593994,
    1.9769012928009033,
    0.9346516728401184,
    1.8472203016281128,
    1.9458450078964233,
    2.285890579223633,
    1.8071208000183105,
    2.270592212677002,
    1.9286742210388184,
    1.9375616312026978,
    1.9159750938415527,
    1.813607096672058,
    1.878953456878662,
    2.0564839839935303,
    2.029012680053711,
    1.8324166536331177,
    1.9884140491485596,
    1.7701611518859863,
    1.956254243850708,
    1.782644271850586,
    1.8780797719955444,
    1.748918890953064,
    1.7684402465820312,
    2.174511671066284,
    1.7759312391281128,
    2.011270761489868,
    1.2847726345062256,
    1.791319489479065,
    1.7897526025772095,
    2.1701838970184326,
    2.130514144897461,
    2.253952741622925,
    1.7557833194732666,
    2.347674608230591,
    2.1613893508911133,
    2.095710277557373,
    1.9731076955795288,
    2.0642542839050293,
    2.1318116188049316,
    2.2234997749328613,
    2.0704174041748047,
    2.281254768371582,
    2.1393332481384277,
    1.9068632125854492,
    1.7688710689544678,
    1.793421983718872,
    1.8206413984298706,
    1.5932356119155884,
    1.5867282152175903
  ],
  "episode_lengths": [
    144.0,
    155.0,
    156.0,
    161.0,
    162.0,
    163.0,
    164.0,
    164.0,
    166.0,
    166.0,
    166.0,
    168.0,
    168.0,
    169.0,
    172.0,
    172.0,
    172.0,
    172.0,
    172.0,
    173.0,
    173.0,
    173.0,
    173.0,
    173.0,
    173.0,
    173.0,
    173.0,
    174.0,
    174.0,
    174.0,
    174.0,
    174.0,
    174.0,
    174.0,
    174.0,
    174.0,
    174.0,
    175.0,
    175.0,
    175.0,
    175.0,
    175.0,
    175.0,
    175.0,
    175.0,
    175.0,
    176.0,
    176.0,
    176.0,
    176.0,
    176.0,
    176.0,
    176.0,
    176.0,
    177.0,
    177.0,
    177.0,
    177.0,
    177.0,
    177.0,
    177.0,
    177.0,
    178.0,
    178.0
  ],
  "episode_max_body_height": [
    1.11447012424469,
    1.1062734127044678,
    1.073712706565857,
    1.0955981016159058,
    1.1131230592727661,
    1.089641809463501,
    1.0802991390228271,
    1.0986601114273071,
    1.0889686346054077,
    1.0920958518981934,
    1.05256187915802,
    1.0685474872589111,
    1.084804892539978,
    1.0620315074920654,
    1.078885555267334,
    1.0708198547363281,
    1.0726696252822876,
    1.1122536659240723,
    1.1078039407730103,
    1.0838791131973267,
    1.0780550241470337,
    1.0782043933868408,
    1.086214303970337,
    1.0843067169189453,
    1.1144376993179321,
    1.0725717544555664,
    1.0717902183532715,
    1.0889242887496948,
    1.0714318752288818,
    1.0717334747314453,
    1.0595812797546387,
    1.0726032257080078,
    1.076886534690857,
    1.067011833190918,
    1.0889948606491089,
    1.0823874473571777,
    1.0937416553497314,
    1.0894097089767456,
    1.0826163291931152,
    1.0812910795211792,
    1.087072491645813,
    1.100701928138733,
    1.1255242824554443,
    1.081591010093689,
    1.090001106262207,
    1.1307777166366577,
    1.0884745121002197,
    1.0601664781570435,
    1.0874955654144287,
    1.085602879524231,
    1.085188388824463,
    1.088598370552063,
    1.0846681594848633,
    1.0843517780303955,
    1.0870296955108643,
    1.0969579219818115,
    1.0855741500854492,
    1.106148362159729,
    1.0933911800384521,
    1.0894908905029297,
    1.0898714065551758,
    1.0613963603973389,
    1.0971461534500122,
    1.0942423343658447
  ],