{
  "best_max_torso_height": 0.8953899145126343,
  "best_max_torso_x": 1.2331905364990234,
  "checkpoint": "/root/whole_body_tracking-main/logs/rsl_rl/g1_roll_vault/2026-06-01_22-11-02_baseline_beyondmimic_800/model_799.pt",
  "episode_final_ang_speed": [
    1.83192777633667,
    1.1153173446655273,
    0.9958788156509399,
    1.2478265762329102,
    1.4741711616516113,
    0.8135698437690735,
    2.494551658630371,
    3.219351291656494,
    4.152730941772461,
    2.2408699989318848,
    4.627878665924072,
    4.595208168029785,
    3.8859269618988037,
    2.0108022689819336,
    2.482694149017334,
    4.044338226318359,
    4.186329364776611,
    3.6923370361328125,
    2.752756118774414,
    2.6398823261260986,
    2.9737799167633057,
    3.808730125427246,
    6.439019203186035,
    5.423203468322754,
    5.70853853225708,
    6.026446342468262,
    5.8241496086120605,
    5.954026699066162,
    6.114617824554443,
    5.373504161834717,
    5.403243064880371,
    5.591416835784912,
    5.26360559463501,
    5.475233554840088,
    5.967623233795166,
    5.860321521759033,
    5.060817718505859,
    5.511190891265869,
    5.193246841430664,
    5.269993305206299,
    5.111489295959473,
    5.8816609382629395,
    5.289430618286133,
    4.920200824737549,
    5.200430393218994,
    4.920344352722168,
    4.884847164154053,
    4.979027271270752,
    4.742981910705566,
    4.508253574371338,
    4.547950744628906,
    4.53447151184082,
    4.088926315307617,
    4.275418281555176,
    3.8388705253601074,
    3.8127589225769043,
    4.057346343994141,
    3.8776278495788574,
    3.919041156768799,
    3.5049731731414795,
    4.251083850860596,
    3.7924158573150635,
    3.435412645339966,
    2.6386892795562744
  ],
  "episode_final_speed": [
    0.5846663117408752,
    0.22650158405303955,
    0.1902698278427124,
    0.27920404076576233,
    0.23132407665252686,
    0.17212751507759094,
    0.3163943886756897,
    0.999653160572052,
    0.5792276859283447,
    1.0756257772445679,
    2.3888955116271973,
    3.1417996883392334,
    2.5172770023345947,
    1.0669755935668945,
    1.5124632120132446,
    2.191999673843384,
    2.0862319469451904,
    1.6988319158554077,
    1.6658596992492676,
    1.7139216661453247,
    1.402443766593933,
    1.744227409362793,
    2.7376651763916016,
    2.7338461875915527,
    2.5925912857055664,
    2.831080913543701,
    2.6951565742492676,
    2.8320281505584717,
    2.8203442096710205,
    3.109116792678833,
    2.667642116546631,
    2.7536203861236572,
    2.656402587890625,
    2.724903106689453,
    2.7755722999572754,
    2.873810291290283,
    2.792046308517456,
    2.719175338745117,
    2.6889584064483643,
    2.699671745300293,
    2.700500011444092,
    2.7247917652130127,
    2.709165573120117,
    3.120497226715088,
    2.7565438747406006,
    2.7526464462280273,
    2.6436219215393066,
    2.7023561000823975,
    2.8577213287353516,
    2.7168314456939697,
    2.537144184112549,
    2.782562017440796,
    2.7512331008911133,
    2.4975805282592773,
    2.761113166809082,
    2.581878662109375,
    2.7464044094085693,
    2.682948589324951,
    2.6507184505462646,
    2.5626745223999023,
    2.4842946529388428,
    2.4908194541931152,
    2.541795015335083,
    2.3247945308685303
  ],
  "episode_final_yaw_error": [
    0.1117108017206192,
    0.02855808287858963,
    0.0067847054451704025,
    0.11818287521600723,
    0.06411074101924896,
    0.11789299547672272,
    0.1987208127975464,
    0.33246827125549316,
    0.30830758810043335,
    1.3294962644577026,
    1.5203238725662231,
    1.6431058645248413,
    1.4782001972198486,
    1.2944214344024658,
    1.27324640750885,
    1.5420398712158203,
    1.6538275480270386,
    1.5898973941802979,
    1.3953142166137695,
    1.7068555355072021,
    1.590571403503418,
    1.7194459438323975,
    2.0324723720550537,
    1.994602918624878,
    1.8167263269424438,
    1.937006950378418,
    1.9348071813583374,
    1.8423452377319336,
    2.03169584274292,
    1.9891746044158936,
    1.9778677225112915,
    2.105783224105835,
    1.833437442779541,
    1.8643686771392822,
    2.1668572425842285,
    2.0124568939208984,
    1.9681575298309326,
    1.7242491245269775,
    1.9957215785980225,
    2.1110477447509766,
    2.1170315742492676,
    2.3148622512817383,
    1.860987901687622,
    2.093820571899414,
    1.782302737236023,
    1.8795169591903687,
    1.924295425415039,
    2.0842244625091553,
    1.8901457786560059,
    2.1116604804992676,
    2.4272541999816895,
    2.108055830001831,
    2.203860282897949,
    1.972130298614502,
    2.15371036529541,
    2.0559611320495605,
    1.9244580268859863,
    2.2041897773742676,
    1.9768215417861938,
    2.182155132293701,
    2.5420773029327393,
    2.171832799911499,
    2.2592427730560303,
    2.6504712104797363
  ],
  "episode_lengths": [
    143.0,
    143.0,
    143.0,
    143.0,
    143.0,
    143.0,
    145.0,
    146.0,
    146.0,
    167.0,
    167.0,
    168.0,
    168.0,
    170.0,
    171.0,
    172.0,
    172.0,
    172.0,
    173.0,
    173.0,
    173.0,
    174.0,
    179.0,
    180.0,
    180.0,
    180.0,
    180.0,
    180.0,
    181.0,
    182.0,
    182.0,
    183.0,
    183.0,
    183.0,
    183.0,
    183.0,
    184.0,
    184.0,
    184.0,
    184.0,
    184.0,
    184.0,
    184.0,
    184.0,
    184.0,
    184.0,
    184.0,
    185.0,
    185.0,
    185.0,
    185.0,
    186.0,
    186.0,
    186.0,
    186.0,
    187.0,
    187.0,
    187.0,
    187.0,
    187.0,
    187.0,
    188.0,
    190.0,
    191.0
  ],
  "episode_max_body_height": [
    1.1044957637786865,
    -10.0,
    -10.0,
    -10.0,
    -10.0,
    -10.0,
    1.1020127534866333,
    1.098737359046936,
    1.0941109657287598,
    -10.0,
    1.0901894569396973,
    1.0974135398864746,
    1.1057456731796265,
    1.0772125720977783,
    0.9932411909103394,
    1.0737849473953247,
    1.0852478742599487,
    1.0838700532913208,
    1.006609320640564,
    1.0145633220672607,
    1.035521149635315,
    1.0888906717300415,
    1.0753077268600464,
    1.0732980966567993,
    1.0861479043960571,
    1.073735237121582,
    1.069854497909546,
    1.0840919017791748,
    1.0977649688720703,
    1.093636393547058,
    1.077376365661621,
    1.0898773670196533,
    1.10584557056427,
    1.0873043537139893,
    1.1046843528747559,
    1.117691993713379,
    1.0691648721694946,
    1.1145906448364258,
    1.0768224000930786,
    1.1022108793258667,
    1.0994210243225098,
    1.1056886911392212,
    1.0746616125106812,
    1.0932300090789795,
    1.033398985862732,
    1.0939747095108032,
    1.0468909740447998,
    1.0718179941177368,
    1.0925434827804565,
    1.1066300868988037,
    1.1101993322372437,
    1.0868233442306519,
    1.0746815204620361,
    1.1025938987731934,
    1.0550315380096436,
    1.090548038482666,
    1.0375089645385742,
    1.1095818281173706,
    1.0751206874847412,
    1.0758095979690552,
    1.0994514226913452,
    1.0922857522964478,
    1.023865818977356,
    1.0908894538879395
  ],