{
  "best_flip_rotation": 2.362187385559082,
  "best_max_torso_height": 0.9711019396781921,
  "best_max_torso_x": 0.6553733348846436,
  "checkpoint": "/root/whole_body_tracking-main/logs/rsl_rl/g1_asap_turn_jump_l5/2026-06-02_20-57-17_adapted_task_rewards/model_799.pt",
  "episode_final_ang_speed": [
    7.8826775550842285,
    8.369431495666504,
    8.095203399658203,
    8.1237154006958,
    8.189168930053711,
    8.114981651306152,
    8.06722354888916,
    7.834326267242432,
    7.9993085861206055,
    7.634517669677734,
    8.219109535217285,
    6.224968910217285,
    8.69686508178711,
    7.892626762390137,
    8.120658874511719,
    7.689772129058838,
    7.789318561553955,
    7.80718469619751,
    7.731811046600342,
    7.657197952270508,
    7.907995223999023,
    7.865121841430664,
    7.567818641662598,
    8.059232711791992,
    7.818474769592285,
    7.931971549987793,
    7.550534248352051,
    7.9760212898254395,
    8.338350296020508,
    7.812044143676758,
    8.00505256652832,
    7.965879917144775,
    7.9277119636535645,
    7.797819137573242,
    7.874718189239502,
    8.090666770935059,
    8.545634269714355,
    8.003243446350098,
    8.017524719238281,
    7.423038005828857,
    8.487382888793945,
    7.434436798095703,
    8.089713096618652,
    8.47883129119873,
    8.366432189941406,
    7.893101692199707,
    7.759230136871338,
    7.745553016662598,
    3.826533079147339,
    6.511528968811035,
    8.059562683105469,
    7.8559794425964355,
    8.014776229858398,
    8.897065162658691,
    7.887270927429199,
    7.441732883453369,
    8.013545036315918,
    7.802468299865723,
    8.112334251403809,
    8.165221214294434,
    7.911299705505371,
    7.766361713409424,
    7.88279914855957,
    7.404224395751953
  ],
  "episode_final_speed": [
    0.8728426098823547,
    0.797517716884613,
    0.769616961479187,
    0.9819852113723755,
    0.7289764881134033,
    0.7809203267097473,
    0.6266800761222839,
    0.8521009087562561,
    1.2536811828613281,
    0.5383647680282593,
    0.7701479196548462,
    0.4879881739616394,
    0.7888818979263306,
    0.817693293094635,
    0.7886530756950378,
    0.9205484986305237,
    0.9308158159255981,
    0.8329027891159058,
    0.8805843591690063,
    0.6868823766708374,
    1.177181601524353,
    0.7174476981163025,
    1.1959164142608643,
    0.8437173962593079,
    1.2592228651046753,
    0.807709276676178,
    0.3612882196903229,
    0.807608962059021,
    1.3082376718521118,
    0.7047283053398132,
    1.0062538385391235,
    0.8983158469200134,
    1.3314858675003052,
    0.8507449626922607,
    0.8035975694656372,
    0.7257365584373474,
    1.0104963779449463,
    0.6701397895812988,
    0.8181199431419373,
    0.9476550221443176,
    0.9078385233879089,
    0.7673103213310242,
    0.8870667815208435,
    0.8889397382736206,
    0.7512156367301941,
    0.900539219379425,
    0.5591634511947632,
    0.8300812840461731,
    1.5899767875671387,
    1.203931212425232,
    0.5411469340324402,
    0.7747408747673035,
    1.1153874397277832,
    0.878646731376648,
    0.9743875861167908,
    1.083536982536316,
    0.7628284096717834,
    0.7186561226844788,
    0.831117570400238,
    0.826635479927063,
    0.8935553431510925,
    0.524263858795166,
    0.7789698243141174,
    0.9054985642433167
  ],
  "episode_final_yaw_error": [
    1.5660388469696045,
    1.443892002105713,
    1.5606372356414795,
    1.5443401336669922,
    1.4905908107757568,
    1.5578134059906006,
    1.4926621913909912,
    1.5413846969604492,
    1.5400065183639526,
    1.5112228393554688,
    1.542178988456726,
    1.4197571277618408,
    1.4842448234558105,
    1.5778762102127075,
    1.4489539861679077,
    1.5115106105804443,
    1.5385724306106567,
    1.4953213930130005,
    1.570007085800171,
    1.5552891492843628,
    1.5337672233581543,
    1.5677738189697266,
    1.521415114402771,
    1.5449485778808594,
    1.4562739133834839,
    1.5245269536972046,
    1.583485722541809,
    1.4792356491088867,
    1.5937702655792236,
    1.5114599466323853,
    1.5459867715835571,
    1.5176175832748413,
    1.5527750253677368,
    1.492060899734497,
    1.5562834739685059,
    1.5587894916534424,
    1.5459588766098022,
    1.5163179636001587,
    1.5384989976882935,
    1.5448322296142578,
    1.4909484386444092,
    1.524504542350769,
    1.51664400100708,
    1.513301968574524,
    1.496901273727417,
    1.5170037746429443,
    1.4875255823135376,
    1.4613360166549683,
    1.0395128726959229,
    1.3686423301696777,
    1.5454871654510498,
    1.531461477279663,
    1.5529330968856812,
    1.519431233406067,
    1.5574491024017334,
    1.486488699913025,
    1.5067965984344482,
    1.5782649517059326,
    1.5383288860321045,
    1.498084306716919,
    1.5437819957733154,
    1.5804494619369507,
    1.5267564058303833,
    1.5291160345077515
  ],
  "episode_flip_rotation": [
    1.6899311542510986,
    1.9498155117034912,
    1.762895107269287,
    1.794563889503479,
    1.7673065662384033,
    1.8068379163742065,
    1.71881103515625,
    1.74214768409729,
    1.6594077348709106,
    1.9379081726074219,
    1.7325392961502075,
    1.8095223903656006,
    1.8550416231155396,
    1.7572585344314575,
    1.902671456336975,
    1.8191452026367188,
    1.78902268409729,
    2.1166152954101562,
    1.7475160360336304,
    1.6341872215270996,
    1.9296813011169434,
    2.1509616374969482,
    1.795579195022583,
    1.8444039821624756,
    1.8057734966278076,
    1.6587693691253662,
    1.7407541275024414,
    1.7464593648910522,
    1.659454345703125,
    2.0757896900177,
    1.8934359550476074,
    1.8591692447662354,
    1.7930121421813965,
    1.7589070796966553,
    1.8002800941467285,
    1.6838102340698242,
    1.8945409059524536,
    1.634073257446289,
    1.7889219522476196,
    1.9122318029403687,
    1.744370698928833,
    1.845544457435608,
    1.728324294090271,
    2.228362560272217,
    1.7584763765335083,
    1.8968348503112793,
    2.137401580810547,
    2.362187385559082,
    1.573728322982788,
    1.9011640548706055,
    1.8247015476226807,
    1.7545254230499268,
    1.716938853263855,
    1.8714929819107056,
    1.6900850534439087,
    1.7914009094238281,
    1.7718840837478638,
    1.914536952972412,
    1.6801588535308838,
    1.9060227870941162,
    1.8691946268081665,
    1.7153185606002808,
    1.8895142078399658,
    1.6773366928100586
  ],
  "episode_lengths": [
    114.0,
    114.0,
    114.0,
    114.0,
    114.0,
    114.0,
    114.0,
    114.0,
    114.0,
    114.0,
    114.0,
    114.0,
    114.0,
    114.0,
    114.0,
    114.0,
    114.0,
    114.0,
    114.0,
    114.0,
    114.0,
    114.0,
    114.0,
    114.0,
    114.0,
    114.0,
    114.0,
    114.0,
    114.0,
    114.0,
    114.0,
    114.0,
    114.0,
    114.0,
    114.0,
    114.0,
    114.0,
    114.0,
    114.0,
    114.0,
    114.0,
    114.0,
    114.0,
    114.0,
    114.0,
    114.0,
    114.0,
    114.0,
    110.0,
    113.0,
    114.0,
    114.0,
    114.0,
    114.0,
    114.0,
    114.0,
    114.0,
    114.0,
    114.0,
    114.0,
    114.0,
    114.0,
    114.0,
    114.0
  ],