{
  "best_flip_rotation": 1.9552301168441772,
  "best_max_torso_height": 0.9711018800735474,
  "best_max_torso_x": 0.6603307723999023,
  "checkpoint": "/root/whole_body_tracking-main/logs/rsl_rl/g1_asap_turn_jump_l5_baseline/2026-06-02_20-34-18_baseline_beyondmimic/model_799.pt",
  "episode_final_ang_speed": [
    4.676273345947266,
    1.2733007669448853,
    1.3812412023544312,
    1.4246147871017456,
    1.69928777217865,
    2.3266117572784424,
    2.722898483276367,
    4.32574462890625,
    6.506378650665283,
    6.299315929412842,
    4.471056938171387,
    3.784923791885376,
    4.240815162658691,
    5.66166353225708,
    6.652131080627441,
    7.012661457061768,
    0.7402422428131104,
    0.5310506820678711,
    1.740951657295227,
    4.701622009277344,
    6.447258949279785,
    5.703503131866455,
    4.328383922576904,
    1.3471877574920654,
    5.1548075675964355,
    2.192655324935913,
    6.766032695770264,
    2.8906445503234863,
    7.152889251708984,
    6.872899055480957,
    6.144280910491943,
    7.495028972625732,
    3.054456949234009,
    3.1308813095092773,
    6.6155571937561035,
    3.503513813018799,
    1.4739809036254883,
    5.683399677276611,
    2.392751455307007,
    3.743356466293335,
    5.457009792327881,
    6.42347526550293,
    2.4885811805725098,
    6.852452278137207,
    6.584556579589844,
    4.056457042694092,
    6.109020709991455,
    6.239184856414795,
    2.1008665561676025,
    1.347193717956543,
    5.347545146942139,
    5.180534362792969,
    1.218186855316162,
    3.7422327995300293,
    6.487753868103027,
    1.5027657747268677,
    4.71584415435791,
    6.5180816650390625,
    2.9130232334136963,
    6.734314441680908,
    5.651100158691406,
    4.354101657867432,
    4.92330265045166,
    6.463261127471924
  ],
  "episode_final_speed": [
    2.4222769737243652,
    1.457827091217041,
    1.6363705396652222,
    1.6583830118179321,
    1.6585369110107422,
    1.7947746515274048,
    1.9472110271453857,
    2.187429666519165,
    2.5646402835845947,
    2.5637433528900146,
    2.246997833251953,
    0.8844391703605652,
    1.2712682485580444,
    0.45865094661712646,
    0.8189188241958618,
    0.4004198908805847,
    1.6577435731887817,
    1.481763243675232,
    1.5193235874176025,
    2.3085451126098633,
    0.11021079123020172,
    2.2700443267822266,
    2.1139612197875977,
    1.6675275564193726,
    2.0674333572387695,
    0.2819279730319977,
    1.3948770761489868,
    1.9177638292312622,
    3.103102207183838,
    1.0237741470336914,
    0.687601625919342,
    0.6452634334564209,
    1.924890160560608,
    1.9024889469146729,
    2.3829612731933594,
    1.813934326171875,
    1.7568624019622803,
    0.38055357336997986,
    1.8682739734649658,
    1.9918041229248047,
    2.667163848876953,
    1.3985995054244995,
    0.7782242894172668,
    2.6300103664398193,
    2.4654598236083984,
    1.1430686712265015,
    1.312751293182373,
    1.4019887447357178,
    1.3813977241516113,
    1.6152615547180176,
    2.3139426708221436,
    1.5448198318481445,
    1.7058030366897583,
    2.1991653442382812,
    1.6621966361999512,
    1.7428796291351318,
    1.469346284866333,
    0.9376651644706726,
    1.9804707765579224,
    0.34410834312438965,
    0.7496272921562195,
    1.4008864164352417,
    2.1621592044830322,
    1.298459768295288
  ],
  "episode_final_yaw_error": [
    0.5241395831108093,
    0.0778081938624382,
    0.1741049736738205,
    0.1869867891073227,
    0.23641741275787354,
    0.32179102301597595,
    0.3329821228981018,
    0.4093174636363983,
    0.6907262802124023,
    0.7713152766227722,
    0.971857488155365,
    1.0978854894638062,
    1.095130443572998,
    1.2373994588851929,
    1.316925287246704,
    1.565918207168579,
    0.19869683682918549,
    0.0835176557302475,
    0.1064634844660759,
    0.8361864686012268,
    1.2476255893707275,
    0.5722885131835938,
    0.4423442482948303,
    0.19766171276569366,
    0.9956953525543213,
    0.1827302724123001,
    1.381892442703247,
    0.27672842144966125,
    0.7208990454673767,
    1.4761587381362915,
    1.2805441617965698,
    1.379758358001709,
    0.32397493720054626,
    0.32423728704452515,
    0.7505610585212708,
    0.3657970428466797,
    0.21369026601314545,
    1.2546401023864746,
    0.32916101813316345,
    0.4326972961425781,
    0.4816754162311554,
    1.3640223741531372,
    0.4026322662830353,
    0.628173291683197,
    0.8059338927268982,
    1.0684717893600464,
    1.4588125944137573,
    1.4284396171569824,
    0.07122944295406342,
    0.16970212757587433,
    0.4655143916606903,
    1.499021053314209,
    0.2551475167274475,
    0.3941667079925537,
    1.4168462753295898,
    0.12241135537624359,
    1.1236891746520996,
    1.3390964269638062,
    0.3551534116268158,
    1.2755452394485474,
    1.2777996063232422,
    1.150518774986267,
    0.8428846597671509,
    1.363135814666748
  ],
  "episode_flip_rotation": [
    1.4274204969406128,
    1.18234121799469,
    0.991391122341156,
    0.8992816805839539,
    1.0725629329681396,
    0.8755398392677307,
    1.1257197856903076,
    1.4087027311325073,
    1.5459153652191162,
    1.4052860736846924,
    1.5363229513168335,
    1.7593355178833008,
    1.4731978178024292,
    1.6912199258804321,
    1.8673442602157593,
    1.6827991008758545,
    0.8238488435745239,
    1.0121307373046875,
    1.0423812866210938,
    1.9139833450317383,
    1.6548506021499634,
    1.4485924243927002,
    1.237411618232727,
    0.8359084725379944,
    1.480661392211914,
    1.8917269706726074,
    1.9552301168441772,
    1.0555508136749268,
    1.6629219055175781,
    1.916731834411621,
    1.8268781900405884,
    1.8218624591827393,
    1.0867290496826172,
    1.232345700263977,
    1.8905556201934814,
    1.3437070846557617,
    1.183665156364441,
    1.8129180669784546,
    1.0028963088989258,
    1.0929648876190186,
    1.1112120151519775,
    1.8667993545532227,
    1.7291922569274902,
    1.4270598888397217,
    1.6307833194732666,
    1.652471899986267,
    1.8682518005371094,
    1.8014682531356812,
    1.0258435010910034,
    0.963287889957428,
    1.4023624658584595,
    1.5996222496032715,
    1.0191904306411743,
    1.0783779621124268,
    1.9042812585830688,
    1.115789532661438,
    1.6059542894363403,
    1.7720202207565308,
    1.1557321548461914,
    1.7339308261871338,
    1.7536920309066772,
    1.4508788585662842,
    1.5000492334365845,
    1.707733154296875
  ],
  "episode_lengths": [
    83.0,
    86.0,
    89.0,
    93.0,
    94.0,
    97.0,
    98.0,
    100.0,
    104.0,
    105.0,
    107.0,
    110.0,
    110.0,
    112.0,
    113.0,
    114.0,
    82.0,
    86.0,
    78.0,
    105.0,
    113.0,
    102.0,
    101.0,
    95.0,
    108.0,
    102.0,
    113.0,
    98.0,
    105.0,
    114.0,
    113.0,
    113.0,
    74.0,
    98.0,
    105.0,
    98.0,
    94.0,
    112.0,
    96.0,
    100.0,
    102.0,
    113.0,
    99.0,
    104.0,
    105.0,
    110.0,
    113.0,
    113.0,
    72.0,
    93.0,
    101.0,
    113.0,
    93.0,
    100.0,
    113.0,
    88.0,
    110.0,
    113.0,
    75.0,
    113.0,
    112.0,
    110.0,
    107.0,
    113.0
  ],