{
  "best_max_torso_height": 0.3162820637226105,
  "best_max_torso_x": 0.18855500221252441,
  "checkpoint": "/root/whole_body_tracking-main/logs/rsl_rl/g1_crawl_tunnel/2026-06-02_13-10-18_adapted_task_rewards/model_799.pt",
  "episode_final_ang_speed": [
    2.1924314498901367,
    2.3697071075439453,
    2.0502445697784424,
    2.508556842803955,
    2.3420791625976562,
    1.9057530164718628,
    1.781025767326355,
    1.917210578918457,
    1.6826858520507812,
    1.9358714818954468,
    1.6948211193084717,
    1.9250532388687134,
    2.3179142475128174,
    1.857010841369629,
    1.9604346752166748,
    1.9108426570892334,
    2.1459319591522217,
    1.9555439949035645,
    1.6096419095993042,
    2.0407867431640625,
    1.974749207496643,
    1.9395787715911865,
    2.1231048107147217,
    2.2860052585601807,
    1.6447023153305054,
    2.077603340148926,
    2.21256422996521,
    2.2805237770080566,
    1.9348593950271606,
    1.669458270072937,
    1.800162672996521,
    1.7353932857513428,
    2.6012940406799316,
    2.2330245971679688,
    1.4998892545700073,
    1.9843460321426392,
    1.5613183975219727,
    1.9329925775527954,
    1.84459388256073,
    1.9838061332702637,
    1.9232455492019653,
    2.6193015575408936,
    2.107175588607788,
    1.6333504915237427,
    1.7150245904922485,
    2.0270490646362305,
    1.9580848217010498,
    1.6450966596603394,
    2.0917227268218994,
    2.105753183364868,
    2.3225488662719727,
    1.5888022184371948,
    1.7385317087173462,
    2.2080039978027344,
    1.6353718042373657,
    2.0285003185272217,
    1.8189263343811035,
    1.896492600440979,
    2.2610440254211426,
    2.090765953063965,
    1.4389196634292603,
    1.9574447870254517,
    1.8604166507720947,
    1.9019907712936401
  ],
  "episode_final_speed": [
    0.3658619821071625,
    0.13054953515529633,
    0.35275736451148987,
    0.34347447752952576,
    0.3357901871204376,
    0.3508322834968567,
    0.29458895325660706,
    0.2794289290904999,
    0.3103974163532257,
    0.32938292622566223,
    0.44613203406333923,
    0.272096186876297,
    0.6409256458282471,
    0.34411245584487915,
    0.38422930240631104,
    0.3072976768016815,
    0.37341612577438354,
    0.3022734224796295,
    0.2789497375488281,
    0.38591107726097107,
    0.3317003846168518,
    0.30861249566078186,
    0.3136117458343506,
    0.2598564028739929,
    0.3105631172657013,
    0.3501420319080353,
    0.41671982407569885,
    0.4907219707965851,
    0.32457825541496277,
    0.25594833493232727,
    0.3561183214187622,
    0.2531248927116394,
    0.2813006043434143,
    0.3618212938308716,
    0.26032087206840515,
    0.28965166211128235,
    0.17270278930664062,
    0.2473088651895523,
    0.23622751235961914,
    0.23493289947509766,
    0.21707215905189514,
    0.3682025671005249,
    0.4368084669113159,
    0.2209787517786026,
    0.2420794516801834,
    0.3269067704677582,
    0.34476548433303833,
    0.2893940508365631,
    0.3435254395008087,
    0.4082108438014984,
    0.2676628530025482,
    0.3961573541164398,
    0.18983222544193268,
    0.3228110671043396,
    0.5878986120223999,
    0.27366891503334045,
    0.22103475034236908,
    0.2424466758966446,
    0.31745943427085876,
    0.3804050087928772,
    0.15887995064258575,
    0.4571000933647156,
    0.389049232006073,
    0.301431804895401
  ],
  "episode_final_yaw_error": [
    1.5195928812026978,
    1.560551404953003,
    1.4781142473220825,
    1.5956860780715942,
    1.4947524070739746,
    1.450507640838623,
    1.500855565071106,
    1.4871482849121094,
    1.623841643333435,
    1.5677989721298218,
    1.6239938735961914,
    1.517825722694397,
    1.4496724605560303,
    1.5458292961120605,
    1.5161486864089966,
    1.508520245552063,
    1.5616660118103027,
    1.5116279125213623,
    1.5840668678283691,
    1.5390523672103882,
    1.4626373052597046,
    1.3751150369644165,
    1.4636868238449097,
    1.476693868637085,
    1.4510577917099,
    1.5536624193191528,
    1.6104017496109009,
    1.5622695684432983,
    1.5009891986846924,
    1.5945916175842285,
    1.4788038730621338,
    1.599727988243103,
    1.5393942594528198,
    1.541185975074768,
    1.5784865617752075,
    1.464821457862854,
    1.5470043420791626,
    1.532551884651184,
    1.5538560152053833,
    1.5329421758651733,
    1.5133051872253418,
    1.6216033697128296,
    1.6736924648284912,
    1.5059471130371094,
    1.499647617340088,
    1.5748907327651978,
    1.4715858697891235,
    1.54967200756073,
    1.493116855621338,
    1.5422393083572388,
    1.5653613805770874,
    1.4941494464874268,
    1.5610326528549194,
    1.4730850458145142,
    1.6421095132827759,
    1.5167673826217651,
    1.5438318252563477,
    1.5917750597000122,
    1.5527849197387695,
    1.5766984224319458,
    1.6573708057403564,
    1.5625427961349487,
    1.4966741800308228,
    1.5009387731552124
  ],
  "episode_lengths": [
    120.0,
    120.0,
    120.0,
    120.0,
    120.0,
    120.0,
    120.0,
    120.0,
    120.0,
    120.0,
    120.0,
    120.0,
    120.0,
    120.0,
    120.0,
    120.0,
    119.0,
    120.0,
    120.0,
    120.0,
    120.0,
    120.0,
    120.0,
    120.0,
    120.0,
    120.0,
    120.0,
    120.0,
    120.0,
    120.0,
    120.0,
    120.0,
    119.0,
    119.0,
    119.0,
    120.0,
    120.0,
    120.0,
    120.0,
    120.0,
    120.0,
    120.0,
    120.0,
    120.0,
    120.0,
    120.0,
    120.0,
    120.0,
    119.0,
    119.0,
    119.0,
    120.0,
    119.0,
    120.0,
    120.0,
    120.0,
    120.0,
    120.0,
    120.0,
    120.0,
    120.0,
    120.0,
    120.0,
    120.0
  ],
  "episode_max_body_height": [
    -10.0,
    -10.0,
    -10.0,
    -10.0,
    -10.0,
    -10.0,
    -10.0,
    -10.0,
    -10.0,
    -10.0,
    -10.0,
    -10.0,
    -10.0,
    -10.0,
    -10.0,
    -10.0,
    -10.0,
    -10.0,
    -10.0,
    -10.0,
    -10.0,
    -10.0,
    -10.0,
    -10.0,
    -10.0,
    -10.0,
    -10.0,
    -10.0,
    -10.0,
    -10.0,
    -10.0,
    -10.0,
    -10.0,
    -10.0,
    -10.0,
    -10.0,
    -10.0,
    -10.0,
    -10.0,
    -10.0,
    -10.0,
    -10.0,
    -10.0,
    -10.0,
    -10.0,
    -10.0,
    -10.0,
    -10.0,
    -10.0,
    -10.0,
    -10.0,
    -10.0,
    -10.0,
    -10.0,
    -10.0,
    -10.0,
    -10.0,
    -10.0,
    -10.0,
    -10.0,
    -10.0,
    -10.0,
    -10.0,
    -10.0
  ],
  "episode_max_torso_height": [
    0.2714584171772003,
    0.28068482875823975,
    0.27480798959732056,
    0.26951009035110474,
    0.27642905712127686,
    0.30446791648864746,
    0.27691805362701416,
    0.2661222517490387,
    0.25717127323150635,
    0.27042126655578613,
    0.2736322581768036,
    0.2768023908138275,
    0.3162820637226105,
    0.2803150415420532,
    0.2857028543949127,
    0.29157567024230957,
    0.2675143778324127,
    0.263161838054657,
    0.2687656581401825,
    0.2655467092990875,
    0.28332799673080444,
    0.3022677004337311,
    0.28270089626312256,
    0.2710765600204468,
    0.26472947001457214,
    0.2711676061153412,
    0.2713435888290405,
    0.2710907757282257,
    0.27919965982437134,
    0.2670601010322571,
    0.29131099581718445,
    0.2804098427295685,
    0.2752813398838043,
    0.2812207341194153,
    0.29015326499938965,
    0.26684099435806274,
    0.262778639793396,
    0.26740849018096924,
    0.2694944143295288,
    0.2714907228946686,
    0.2626204490661621,
    0.26262861490249634,
    0.2695407271385193,
    0.2758689820766449,
    0.28267931938171387,
    0.2740199863910675,
    0.2965715527534485,
    0.281151682138443,
    0.2849810719490051,
    0.3015269339084625,
    0.2862682342529297,
    0.28489142656326294,
    0.2857249975204468,
    0.2802695631980896,
    0.2750275731086731,
    0.2768341600894928,
    0.2768610417842865,
    0.25839102268218994,
    0.2740354537963867,
    0.27730461955070496,
    0.29045671224594116,
    0.27567532658576965,
    0.29258036613464355,
    0.2871941328048706
  ],