{
  "best_max_torso_height": 0.3176730275154114,
  "best_max_torso_x": 0.311126708984375,
  "checkpoint": "/root/whole_body_tracking-main/logs/rsl_rl/g1_crawl_tunnel_baseline/2026-06-02_12-30-49_baseline_beyondmimic/model_799.pt",
  "episode_final_ang_speed": [
    1.4643616676330566,
    0.9251636266708374,
    0.3867708146572113,
    0.7686824798583984,
    1.665396809577942,
    1.0893018245697021,
    0.902043342590332,
    1.4401748180389404,
    1.967579960823059,
    0.698978841304779,
    1.0808699131011963,
    0.6861143112182617,
    1.0295873880386353,
    1.3023772239685059,
    0.9501431584358215,
    0.9743876457214355,
    1.523040771484375,
    0.8212088942527771,
    0.9461077451705933,
    1.5106106996536255,
    0.7006189823150635,
    0.2778768837451935,
    1.0662554502487183,
    1.3002287149429321,
    0.8793267011642456,
    0.8339919447898865,
    0.518013596534729,
    1.5389833450317383,
    0.48863792419433594,
    0.6722577214241028,
    1.1707221269607544,
    1.1760908365249634,
    1.3026878833770752,
    0.6893011331558228,
    0.6817600727081299,
    0.7838011384010315,
    0.35896825790405273,
    1.0700029134750366,
    0.6090546250343323,
    1.1235435009002686,
    1.0549938678741455,
    1.0632826089859009,
    1.1468003988265991,
    0.7207638025283813,
    0.9430570006370544,
    1.2106211185455322,
    0.2173163741827011,
    1.1130523681640625,
    1.3323471546173096,
    1.461074709892273,
    0.8794144988059998,
    1.488480567932129,
    1.635753870010376,
    1.2537646293640137,
    1.6793426275253296,
    0.6423385143280029,
    1.7536410093307495,
    1.8289175033569336,
    1.3064498901367188,
    0.46820056438446045,
    1.0457979440689087,
    0.784949541091919,
    1.4088927507400513,
    1.5699406862258911
  ],
  "episode_final_speed": [
    0.4268355965614319,
    0.11656661331653595,
    0.1496724784374237,
    0.09425147622823715,
    0.2633633315563202,
    0.21817825734615326,
    0.16241948306560516,
    0.180349662899971,
    0.1445583701133728,
    0.21846526861190796,
    0.16891169548034668,
    0.1852913796901703,
    0.1664225310087204,
    0.1908618062734604,
    0.14804260432720184,
    0.15085482597351074,
    0.13537389039993286,
    0.11088620871305466,
    0.20193397998809814,
    0.20051316916942596,
    0.06643857061862946,
    0.036460112780332565,
    0.11944925785064697,
    0.05425150692462921,
    0.09254810214042664,
    0.08697515726089478,
    0.00634905556216836,
    0.12165887653827667,
    0.03280728682875633,
    0.19034050405025482,
    0.06444261968135834,
    0.1075480729341507,
    0.14045169949531555,
    0.10069925338029861,
    0.09931512176990509,
    0.049708399921655655,
    0.0979388877749443,
    0.04591364413499832,
    0.20766279101371765,
    0.18523184955120087,
    0.04962574318051338,
    0.06336448341608047,
    0.19554577767848969,
    0.14133292436599731,
    0.17454402148723602,
    0.15178126096725464,
    0.017639102414250374,
    0.0742117166519165,
    0.15219846367835999,
    0.15638859570026398,
    0.049084872007369995,
    0.14556153118610382,
    0.4650002419948578,
    0.1342916190624237,
    0.11305685341358185,
    0.10851862281560898,
    0.1287529319524765,
    0.20161354541778564,
    0.1043553501367569,
    0.04936990514397621,
    0.061874765902757645,
    0.015561242587864399,
    0.09712927788496017,
    0.08371111005544662
  ],
  "episode_final_yaw_error": [
    1.5661158561706543,
    1.7961972951889038,
    1.6096349954605103,
    1.6911985874176025,
    1.6367548704147339,
    1.6885088682174683,
    1.6405504941940308,
    1.6026333570480347,
    1.6660845279693604,
    1.5090094804763794,
    1.7159852981567383,
    1.5356911420822144,
    1.6434507369995117,
    1.6346235275268555,
    1.7653933763504028,
    1.6825990676879883,
    1.6962188482284546,
    1.7178418636322021,
    1.695315957069397,
    1.8133679628372192,
    1.8090327978134155,
    1.8274227380752563,
    1.756877064704895,
    1.816301941871643,
    1.741957664489746,
    1.7636510133743286,
    1.8142200708389282,
    1.7739028930664062,
    1.7210012674331665,
    1.704422950744629,
    1.738907814025879,
    1.7402386665344238,
    1.817891240119934,
    1.687403917312622,
    1.5779937505722046,
    1.841074824333191,
    1.6659774780273438,
    1.8089361190795898,
    1.5423105955123901,
    1.535079002380371,
    1.8996379375457764,
    1.6487934589385986,
    1.825984001159668,
    1.5830804109573364,
    1.526148796081543,
    1.77297842502594,
    1.8158377408981323,
    1.6399205923080444,
    1.5875394344329834,
    1.6463711261749268,
    1.7972843647003174,
    1.7527323961257935,
    1.330474853515625,
    1.6600552797317505,
    1.7147207260131836,
    1.6766324043273926,
    1.6400330066680908,
    1.8563637733459473,
    1.7544881105422974,
    1.7812010049819946,
    1.7985934019088745,
    1.8605682849884033,
    1.6971206665039062,
    1.5786311626434326
  ],
  "episode_lengths": [
    74.0,
    74.0,
    74.0,
    74.0,
    74.0,
    74.0,
    74.0,
    74.0,
    74.0,
    74.0,
    74.0,
    74.0,
    74.0,
    74.0,
    74.0,
    74.0,
    74.0,
    74.0,
    74.0,
    450.0,
    450.0,
    450.0,
    450.0,
    450.0,
    450.0,
    450.0,
    450.0,
    74.0,
    450.0,
    74.0,
    450.0,
    450.0,
    74.0,
    74.0,
    74.0,
    450.0,
    74.0,
    450.0,
    74.0,
    74.0,
    450.0,
    74.0,
    74.0,
    74.0,
    74.0,
    74.0,
    450.0,
    74.0,
    74.0,
    74.0,
    450.0,
    74.0,
    74.0,
    74.0,
    74.0,
    74.0,
    74.0,
    450.0,
    450.0,
    450.0,
    450.0,
    450.0,
    74.0,
    74.0
  ],
  "episode_max_body_height": [
    -10.0,
    -10.0,
    -10.0,
    -10.0,
    -10.0,
    -10.0,
    -10.0,
    -10.0,
    -10.0,
    -10.0,
    -10.0,
    -10.0,
    -10.0,
    -10.0,
    -10.0,
    -10.0,
    -10.0,
    -10.0,
    -10.0,
    -10.0,
    -10.0,
    -10.0,
    -10.0,
    -10.0,
    -10.0,
    -10.0,
    -10.0,
    -10.0,
    -10.0,
    -10.0,
    -10.0,
    -10.0,
    -10.0,
    -10.0,
    -10.0,
    -10.0,
    -10.0,
    -10.0,
    -10.0,
    -10.0,
    -10.0,
    -10.0,
    -10.0,
    -10.0,
    -10.0,
    -10.0,
    -10.0,
    -10.0,
    -10.0,
    -10.0,
    -10.0,
    -10.0,
    -10.0,
    -10.0,
    -10.0,
    -10.0,
    -10.0,
    -10.0,
    -10.0,
    -10.0,
    0.1658703237771988,
    -10.0,
    -10.0,
    -10.0
  ],
  "episode_max_torso_height": [
    0.2781587541103363,
    0.2924882173538208,
    0.2586527466773987,
    0.28323355317115784,
    0.2844652831554413,
    0.2847742438316345,
    0.2768770754337311,
    0.2919013798236847,
    0.2583874762058258,
    0.27082669734954834,
    0.2721267342567444,
    0.27273622155189514,
    0.28365251421928406,
    0.2811261713504791,
    0.26347413659095764,
    0.2575097680091858,
    0.28321781754493713,
    0.27415019273757935,
    0.2596718668937683,
    0.269571453332901,
    0.2896834909915924,
    0.270940899848938,
    0.29598718881607056,
    0.2639493942260742,
    0.2759039103984833,
    0.2770528793334961,
    0.2576255202293396,
    0.2796291410923004,
    0.2665983736515045,
    0.3089739680290222,
    0.3176730275154114,
    0.28307873010635376,
    0.27608761191368103,
    0.2778196930885315,
    0.28167247772216797,
    0.2694389820098877,
    0.2718190550804138,
    0.2780356705188751,
    0.2760050296783447,
    0.2522842586040497,
    0.2787931561470032,
    0.2713507115840912,
    0.262427419424057,
    0.2835484743118286,
    0.2668541669845581,
    0.2824441194534302,
    0.28903308510780334,
    0.279660165309906,
    0.26868873834609985,
    0.2771099805831909,
    0.2650716006755829,
    0.27393314242362976,
    0.27918750047683716,
    0.27874955534935,
    0.2904854416847229,
    0.2800149619579315,
    0.2739185690879822,
    0.27575838565826416,
    0.2897741496562958,
    0.27617713809013367,
    0.26720505952835083,
    0.2805440127849579,
    0.2834201455116272,
    0.26615142822265625
  ],