{
  "best_max_torso_height": 0.9165908098220825,
  "best_max_torso_x": 2.8245034217834473,
  "checkpoint": "/root/whole_body_tracking-main/logs/rsl_rl/g1_jump_leap/2026-06-02_14-04-18_adapted_task_rewards/model_799.pt",
  "episode_final_ang_speed": [
    2.43727970123291,
    2.8433830738067627,
    2.909097194671631,
    2.794128894805908,
    1.6260416507720947,
    0.5517746210098267,
    0.7817007303237915,
    1.0004878044128418,
    1.2924189567565918,
    1.0478051900863647,
    0.9778724312782288,
    1.1411105394363403,
    0.6389012932777405,
    1.2344964742660522,
    0.3528812825679779,
    1.8435534238815308,
    2.600611925125122,
    0.9051927328109741,
    2.801703691482544,
    1.573727011680603,
    1.7982676029205322,
    3.272623062133789,
    3.341315746307373,
    2.5851147174835205,
    3.148987293243408,
    2.7577414512634277,
    1.4769763946533203,
    0.6837341785430908,
    0.8489640951156616,
    1.540982723236084,
    0.3976168632507324,
    0.9190431237220764,
    2.4309465885162354,
    2.045424222946167,
    1.4895483255386353,
    2.9967215061187744,
    2.635481357574463,
    2.9080984592437744,
    0.348426878452301,
    2.5691335201263428,
    2.91552472114563,
    1.0743746757507324,
    1.2551183700561523,
    0.7392922639846802,
    0.651289701461792,
    1.93588125705719,
    1.2610695362091064,
    1.2668596506118774,
    1.3206387758255005,
    2.5770246982574463,
    0.4847438335418701,
    0.5702352523803711,
    2.720734119415283,
    2.285963773727417,
    2.568344831466675,
    1.290977954864502,
    3.2540698051452637,
    0.6933891773223877,
    2.234548807144165,
    1.0599095821380615,
    0.789853572845459,
    2.2976601123809814,
    0.7770349383354187,
    2.335141658782959
  ],
  "episode_final_speed": [
    3.4506633281707764,
    2.9337692260742188,
    2.950564384460449,
    3.0387511253356934,
    2.5030875205993652,
    2.383218765258789,
    1.9554873704910278,
    0.9555686712265015,
    0.8564743995666504,
    0.28311339020729065,
    1.3104543685913086,
    0.5996409058570862,
    1.4322351217269897,
    2.1813910007476807,
    2.0080933570861816,
    2.6380679607391357,
    3.1070992946624756,
    2.446004629135132,
    3.1106674671173096,
    4.108551025390625,
    2.811365842819214,
    3.4292190074920654,
    3.210930585861206,
    0.7786754369735718,
    2.729783773422241,
    2.656954765319824,
    2.6172938346862793,
    2.1323342323303223,
    1.138306975364685,
    1.6691371202468872,
    1.409745454788208,
    1.2843070030212402,
    1.9778972864151,
    2.110635280609131,
    2.2241270542144775,
    2.9536144733428955,
    2.9459948539733887,
    3.102670669555664,
    2.271263599395752,
    2.8269128799438477,
    2.7754061222076416,
    1.211929440498352,
    2.2741096019744873,
    1.9219098091125488,
    1.912109375,
    2.338474988937378,
    2.3122642040252686,
    2.3249425888061523,
    0.9753795862197876,
    2.6278023719787598,
    2.550468683242798,
    2.6176857948303223,
    3.263792037963867,
    2.875702381134033,
    3.497999668121338,
    2.0906243324279785,
    2.622739791870117,
    2.100243091583252,
    2.3951497077941895,
    1.8558112382888794,
    1.4252159595489502,
    1.9289422035217285,
    0.9851781129837036,
    2.341400384902954
  ],
  "episode_final_yaw_error": [
    0.1589428037405014,
    0.0384887233376503,
    0.07482736557722092,
    0.08321239054203033,
    0.13868184387683868,
    0.18879865109920502,
    0.1941131055355072,
    0.23022080957889557,
    0.20017334818840027,
    0.1852262020111084,
    0.24447904527187347,
    0.13575303554534912,
    0.19171825051307678,
    0.19528387486934662,
    0.17668281495571136,
    0.12365175038576126,
    0.03467938303947449,
    0.035959865897893906,
    0.09944470971822739,
    0.038039788603782654,
    0.018806425854563713,
    0.030214009806513786,
    0.050695326179265976,
    0.10948383063077927,
    0.05115434527397156,
    0.1451551765203476,
    0.21674764156341553,
    0.20663069188594818,
    0.19431284070014954,
    0.16132816672325134,
    0.20434285700321198,
    0.19935239851474762,
    0.04677416756749153,
    0.18034791946411133,
    0.01906679756939411,
    0.04364810883998871,
    0.02229890041053295,
    0.11545002460479736,
    0.16936519742012024,
    0.021865112707018852,
    0.10605482012033463,
    0.19400447607040405,
    0.18433211743831635,
    0.22879067063331604,
    0.09204143285751343,
    0.20607605576515198,
    0.22566841542720795,
    0.20237809419631958,
    0.2021833211183548,
    0.028135444968938828,
    0.21144020557403564,
    0.03357723355293274,
    0.061921074986457825,
    0.037349555641412735,
    0.08815111964941025,
    0.17811915278434753,
    0.17406342923641205,
    0.19927826523780823,
    0.1519593894481659,
    0.19134393334388733,
    0.19959565997123718,
    0.17433106899261475,
    0.18930281698703766,
    0.1154443547129631
  ],
  "episode_lengths": [
    96.0,
    131.0,
    133.0,
    136.0,
    140.0,
    143.0,
    144.0,
    145.0,
    145.0,
    145.0,
    146.0,
    146.0,
    146.0,
    146.0,
    150.0,
    156.0,
    134.0,
    111.0,
    136.0,
    127.0,
    134.0,
    130.0,
    133.0,
    145.0,
    137.0,
    139.0,
    141.0,
    144.0,
    146.0,
    148.0,
    146.0,
    146.0,
    142.0,
    146.0,
    109.0,
    136.0,
    133.0,
    135.0,
    144.0,
    135.0,
    136.0,
    146.0,
    141.0,
    146.0,
    139.0,
    146.0,
    145.0,
    145.0,
    146.0,
    135.0,
    143.0,
    110.0,
    132.0,
    136.0,
    129.0,
    147.0,
    139.0,
    146.0,
    141.0,
    146.0,
    146.0,
    147.0,
    146.0,
    140.0
  ],
  "episode_max_body_height": [
    1.0471158027648926,
    1.1252195835113525,
    1.1235120296478271,
    1.1236722469329834,
    1.1194244623184204,
    1.1019870042800903,
    1.1304067373275757,
    1.1392905712127686,
    1.109833002090454,
    1.1121679544448853,
    1.130260944366455,
    1.0918946266174316,
    1.118284821510315,
    1.1115244626998901,
    1.123725414276123,
    1.0924726724624634,
    1.1455707550048828,
    1.051231861114502,
    1.115869164466858,
    1.152182698249817,
    1.1204664707183838,
    1.1575729846954346,
    1.1188100576400757,
    1.100419521331787,
    1.107637643814087,
    1.1067910194396973,
    1.1117926836013794,
    1.1372759342193604,
    1.1340625286102295,
    1.1280512809753418,
    1.1001237630844116,
    1.1011712551116943,
    1.0804104804992676,
    1.0903112888336182,
    1.0795139074325562,
    1.1247550249099731,
    1.125819206237793,
    1.1529204845428467,
    1.1038895845413208,
    1.1418830156326294,
    1.1097959280014038,
    1.1127043962478638,
    1.1221554279327393,
    1.1150693893432617,
    1.095082402229309,
    1.10535728931427,
    1.152873158454895,
    1.0853370428085327,
    1.0978529453277588,
    1.135088562965393,
    1.1146434545516968,
    1.0553538799285889,
    1.130324125289917,
    1.1021199226379395,
    1.0785777568817139,
    1.138413906097412,
    1.0977065563201904,
    1.1452302932739258,
    1.1065247058868408,
    1.1185754537582397,
    1.1176387071609497,
    1.119823694229126,
    1.1672492027282715,
    1.1048264503479004
  ],