{
  "best_max_torso_height": 0.7783055901527405,
  "best_max_torso_x": 1.118692398071289,
  "checkpoint": "/root/whole_body_tracking-main/logs/rsl_rl/g1_jump_leap_baseline/2026-06-02_13-37-26_baseline_beyondmimic/model_799.pt",
  "episode_final_ang_speed": [
    2.798389434814453,
    2.606095790863037,
    3.115156412124634,
    2.593007802963257,
    2.468271017074585,
    3.5185024738311768,
    2.0643560886383057,
    2.890296459197998,
    2.9213171005249023,
    4.455498695373535,
    2.3831448554992676,
    4.067591667175293,
    2.327110767364502,
    3.3938651084899902,
    4.268586158752441,
    5.8689045906066895,
    2.580458164215088,
    3.188365936279297,
    2.6070756912231445,
    3.962934732437134,
    2.3710386753082275,
    3.339367151260376,
    2.896803855895996,
    3.3807382583618164,
    4.373126983642578,
    2.392437696456909,
    2.8098011016845703,
    2.5164499282836914,
    6.0236663818359375,
    3.2341854572296143,
    4.567070960998535,
    5.943996906280518,
    5.772970199584961,
    3.8073830604553223,
    2.3430566787719727,
    2.8246474266052246,
    2.1941211223602295,
    4.223813533782959,
    4.28085994720459,
    5.285396575927734,
    3.5970451831817627,
    2.681483030319214,
    2.651568651199341,
    2.991166830062866,
    3.2722785472869873,
    6.216188907623291,
    2.858985662460327,
    4.48412561416626,
    5.813331604003906,
    3.0996742248535156,
    2.9091696739196777,
    2.445692539215088,
    2.224757194519043,
    5.486894130706787,
    5.131380558013916,
    2.665639638900757,
    2.4552502632141113,
    2.7511143684387207,
    3.5143895149230957,
    5.81704568862915,
    2.377941608428955,
    3.1425435543060303,
    6.036029815673828,
    3.0117952823638916
  ],
  "episode_final_speed": [
    3.3725364208221436,
    3.4359729290008545,
    3.594038724899292,
    3.5206267833709717,
    3.6754310131073,
    3.4830658435821533,
    3.6793739795684814,
    3.55082368850708,
    3.677011013031006,
    3.675827980041504,
    3.70574688911438,
    3.6343302726745605,
    3.668924570083618,
    3.7258458137512207,
    3.704360246658325,
    3.415236711502075,
    3.3943569660186768,
    3.6309168338775635,
    3.5242726802825928,
    3.4788904190063477,
    3.7031564712524414,
    3.6214637756347656,
    3.2901947498321533,
    3.6098082065582275,
    3.3578953742980957,
    3.710390329360962,
    3.775099515914917,
    3.7073428630828857,
    3.2976925373077393,
    3.2764644622802734,
    3.6393418312072754,
    3.667206287384033,
    3.5755701065063477,
    3.640448808670044,
    3.650721311569214,
    3.3049960136413574,
    3.6936841011047363,
    3.674889087677002,
    3.53944993019104,
    3.2547709941864014,
    3.541531562805176,
    3.7065846920013428,
    3.6856462955474854,
    3.820859670639038,
    3.7174911499023438,
    3.0621464252471924,
    3.703763723373413,
    3.49344539642334,
    3.421571731567383,
    3.6212217807769775,
    3.2624499797821045,
    3.6306400299072266,
    3.5825085639953613,
    3.648103713989258,
    3.465632438659668,
    3.7386326789855957,
    3.6406471729278564,
    3.265174150466919,
    3.6894595623016357,
    3.0333547592163086,
    3.732020854949951,
    3.6840367317199707,
    3.1899967193603516,
    3.5236494541168213
  ],
  "episode_final_yaw_error": [
    0.05442352220416069,
    0.01262759417295456,
    0.022405028343200684,
    0.04205184429883957,
    0.056962087750434875,
    0.19268181920051575,
    0.09551125764846802,
    0.1595628559589386,
    0.13155850768089294,
    0.12954412400722504,
    0.05525762960314751,
    0.07385402172803879,
    0.024605201557278633,
    0.056557245552539825,
    0.06656035780906677,
    0.09024752676486969,
    0.0454697348177433,
    0.0005777821061201394,
    0.031654033809900284,
    0.06098499894142151,
    0.07855447381734848,
    0.08875732868909836,
    0.13697640597820282,
    0.07019259035587311,
    0.1566888839006424,
    0.12058541178703308,
    0.08812931925058365,
    0.07792501896619797,
    0.07838119566440582,
    0.04915507882833481,
    0.0578070692718029,
    0.046649251133203506,
    0.04299045726656914,
    0.056334592401981354,
    0.014547653496265411,
    0.0019625683780759573,
    0.05936060845851898,
    0.17412573099136353,
    0.17330753803253174,
    0.08830762654542923,
    0.1809130758047104,
    0.1410342901945114,
    0.07164038717746735,
    0.09128114581108093,
    0.11535527557134628,
    0.18802721798419952,
    0.05715107545256615,
    0.07831952720880508,
    0.06796353310346603,
    0.03126775100827217,
    0.050912633538246155,
    0.04056115075945854,
    0.07949105650186539,
    0.08041506260633469,
    0.10294614732265472,
    0.11708420515060425,
    0.1243252158164978,
    0.030525727197527885,
    0.08949596434831619,
    0.13900795578956604,
    0.07463790476322174,
    0.07815675437450409,
    0.12668132781982422,
    0.015991557389497757
  ],
  "episode_lengths": [
    22.0,
    23.0,
    26.0,
    27.0,
    30.0,
    30.0,
    30.0,
    30.0,
    30.0,
    31.0,
    31.0,
    31.0,
    31.0,
    32.0,
    32.0,
    32.0,
    22.0,
    25.0,
    27.0,
    25.0,
    28.0,
    31.0,
    30.0,
    31.0,
    31.0,
    30.0,
    31.0,
    31.0,
    32.0,
    19.0,
    32.0,
    33.0,
    34.0,
    19.0,
    28.0,
    20.0,
    29.0,
    30.0,
    30.0,
    32.0,
    30.0,
    30.0,
    31.0,
    31.0,
    31.0,
    31.0,
    30.0,
    32.0,
    33.0,
    27.0,
    19.0,
    28.0,
    27.0,
    32.0,
    32.0,
    30.0,
    29.0,
    20.0,
    31.0,
    32.0,
    31.0,
    32.0,
    32.0,
    27.0
  ],
  "episode_max_body_height": [
    1.0213923454284668,
    1.0210756063461304,
    1.021085500717163,
    1.0209351778030396,
    1.0205509662628174,
    1.0208767652511597,
    1.0203654766082764,
    1.0206493139266968,
    1.0203821659088135,
    1.0203438997268677,
    1.0206894874572754,
    1.0210672616958618,
    1.0204887390136719,
    1.0209156274795532,
    1.0205620527267456,
    1.0214369297027588,
    1.021260380744934,
    1.0211418867111206,
    1.020810604095459,
    1.021302342414856,
    1.0209369659423828,
    1.020808219909668,
    1.020579218864441,
    1.0207902193069458,
    1.0204575061798096,
    1.0212249755859375,
    1.0204658508300781,
    1.0205440521240234,
    1.0207979679107666,
    1.0212798118591309,
    1.0207195281982422,
    1.020933747291565,
    1.0201665163040161,
    1.0204874277114868,
    1.0211650133132935,
    1.0214115381240845,
    1.0207865238189697,
    1.0213967561721802,
    1.0207533836364746,
    1.0208535194396973,
    1.020918607711792,
    1.021440029144287,
    1.0209424495697021,
    1.0205318927764893,
    1.0207842588424683,
    1.0210716724395752,
    1.0210587978363037,
    1.0204850435256958,
    1.020748257637024,
    1.020883560180664,
    1.0214375257492065,
    1.0208531618118286,
    1.0205422639846802,
    1.020582675933838,
    1.0212538242340088,
    1.0210387706756592,
    1.020564317703247,
    1.0217235088348389,
    1.0210561752319336,
    1.0207850933074951,
    1.0204880237579346,
    1.0206396579742432,
    1.0209712982177734,
    1.0208033323287964
  ],