{
  "best_flip_rotation": 5.724846363067627,
  "best_max_torso_height": 0.971289873123169,
  "best_max_torso_x": 7.530418395996094,
  "checkpoint": "/root/whole_body_tracking-main/logs/rsl_rl/g1_jump_leap/2026-06-02_17-01-12_evo_gen0_m3_001_stage1/model_799.pt",
  "episode_final_ang_speed": [
    2.6968376636505127,
    2.8482306003570557,
    2.702444314956665,
    4.624484539031982,
    0.5039500594139099,
    1.5148648023605347,
    1.4339569807052612,
    0.5097296833992004,
    1.1214443445205688,
    1.8470897674560547,
    1.8551256656646729,
    0.2430894821882248,
    1.1476519107818604,
    0.4186021089553833,
    0.5840737223625183,
    3.28853702545166,
    3.6995246410369873,
    5.405051231384277,
    1.3851215839385986,
    3.3678717613220215,
    2.781263828277588,
    2.4670865535736084,
    0.8843515515327454,
    2.2676045894622803,
    0.7044549584388733,
    0.984645664691925,
    2.3881609439849854,
    0.9121409058570862,
    1.0466216802597046,
    1.3006736040115356,
    1.3173820972442627,
    0.5386561155319214,
    1.6651860475540161,
    2.4474663734436035,
    1.0301687717437744,
    3.8443267345428467,
    1.106405258178711,
    2.963496685028076,
    2.8212220668792725,
    0.8709919452667236,
    3.1172032356262207,
    1.437528133392334,
    2.7659194469451904,
    2.150346517562866,
    0.6447193622589111,
    0.7292906045913696,
    1.5405436754226685,
    2.4284112453460693,
    2.587895393371582,
    3.2040483951568604,
    1.153259515762329,
    2.4241960048675537,
    1.008970022201538,
    2.4767491817474365,
    0.6372283697128296,
    1.4055695533752441,
    0.8936442136764526,
    2.303135871887207,
    1.9843324422836304,
    1.6605604887008667,
    3.3190853595733643,
    0.7385863661766052,
    2.9076061248779297,
    0.852893054485321
  ],
  "episode_final_speed": [
    3.503697156906128,
    3.0363481044769287,
    2.9883971214294434,
    2.977630615234375,
    0.40263664722442627,
    1.2805907726287842,
    0.9613199830055237,
    1.2730046510696411,
    0.48720112442970276,
    1.2332929372787476,
    1.2485135793685913,
    0.7002043128013611,
    0.9187125563621521,
    0.9572538733482361,
    1.1447157859802246,
    3.478747844696045,
    2.858581066131592,
    3.051957607269287,
    1.2188810110092163,
    1.4625486135482788,
    2.995695114135742,
    2.9412641525268555,
    0.26182517409324646,
    2.8918755054473877,
    1.5497854948043823,
    0.7464278936386108,
    1.8173028230667114,
    1.1480950117111206,
    1.0983736515045166,
    1.1225770711898804,
    1.0344899892807007,
    0.6889334321022034,
    1.73577880859375,
    2.9986648559570312,
    1.14565110206604,
    3.2247941493988037,
    0.8935331106185913,
    2.8195369243621826,
    3.2334420680999756,
    1.8606672286987305,
    3.3116040229797363,
    1.011393666267395,
    3.2074520587921143,
    1.1108143329620361,
    1.0068175792694092,
    0.9023594260215759,
    1.7543469667434692,
    2.1150126457214355,
    2.8754019737243652,
    2.5950427055358887,
    0.5261896848678589,
    2.644577741622925,
    1.252734661102295,
    2.134004592895508,
    0.6031792163848877,
    0.7676597237586975,
    0.6011062264442444,
    1.4507163763046265,
    3.02463960647583,
    1.114778995513916,
    3.5747857093811035,
    0.7749666571617126,
    1.9283703565597534,
    1.6437735557556152
  ],
  "episode_final_yaw_error": [
    0.44185134768486023,
    0.2652764916419983,
    0.12833210825920105,
    0.09564578533172607,
    0.1028517484664917,
    0.021055860444903374,
    0.030202815309166908,
    0.006768630817532539,
    8.228960359701887e-05,
    0.09719116985797882,
    0.06312399357557297,
    0.15859827399253845,
    0.04316670447587967,
    0.009851505048573017,
    0.3907122313976288,
    0.08912631124258041,
    0.2697512209415436,
    0.0990312322974205,
    0.09593808650970459,
    0.2910284101963043,
    0.17058123648166656,
    0.3527081310749054,
    0.21285085380077362,
    0.005765629466623068,
    0.13004571199417114,
    0.12824490666389465,
    0.5389422178268433,
    0.01694655232131481,
    0.08462892472743988,
    0.02217739261686802,
    0.042286112904548645,
    0.004193420521914959,
    0.5008912682533264,
    0.13059473037719727,
    0.027314424514770508,
    0.35690951347351074,
    0.05020402744412422,
    0.30442774295806885,
    0.004739247728139162,
    0.038595009595155716,
    0.2683318853378296,
    0.01724863238632679,
    0.23594996333122253,
    0.07938829064369202,
    0.05153166875243187,
    0.061106931418180466,
    0.06801352649927139,
    0.18641702830791473,
    0.08649977296590805,
    0.026375742629170418,
    0.12938334047794342,
    0.03940613940358162,
    0.07256601750850677,
    0.20858392119407654,
    0.030111610889434814,
    0.10674121230840683,
    0.059919703751802444,
    0.11374612897634506,
    0.02002372406423092,
    0.1465757191181183,
    0.14998699724674225,
    0.04047182574868202,
    0.15987075865268707,
    0.05248384550213814
  ],
  "episode_flip_rotation": [
    3.3194613456726074,
    3.778456449508667,
    3.5756711959838867,
    4.80954647064209,
    4.332992076873779,
    4.733973503112793,
    5.142402648925781,
    4.480156421661377,
    4.795119285583496,
    4.232367038726807,
    4.010963439941406,
    5.192911148071289,
    4.91146183013916,
    4.061333179473877,
    4.08660364151001,
    4.279587268829346,
    3.603222608566284,
    2.9855501651763916,
    5.307959079742432,
    3.6784868240356445,
    3.9501819610595703,
    4.105041980743408,
    4.667936325073242,
    4.104149341583252,
    3.950136184692383,
    4.070224285125732,
    4.413577556610107,
    4.161906719207764,
    4.349076271057129,
    5.296019554138184,
    4.150060653686523,
    4.199891567230225,
    3.90248966217041,
    3.753183603286743,
    4.229859828948975,
    3.0737123489379883,
    4.902371406555176,
    3.873914957046509,
    3.163888692855835,
    5.724846363067627,
    4.537200450897217,
    4.4809489250183105,
    4.1885786056518555,
    4.074619770050049,
    4.383403301239014,
    3.672616481781006,
    4.179482936859131,
    3.726499319076538,
    4.179844379425049,
    3.826575756072998,
    4.597485542297363,
    4.37160587310791,
    4.915501117706299,
    4.785698890686035,
    4.158595561981201,
    4.823990821838379,
    4.459183216094971,
    4.421285629272461,
    3.7531778812408447,
    4.071157932281494,
    4.076018810272217,
    4.09243631362915,
    3.720200777053833,
    3.7390294075012207
  ],
  "episode_lengths": [
    204.0,
    229.0,
    232.0,
    282.0,
    284.0,
    284.0,
    284.0,
    284.0,
    284.0,
    284.0,
    284.0,
    284.0,
    284.0,
    284.0,
    284.0,
    284.0,
    222.0,
    188.0,
    284.0,
    213.0,
    223.0,
    230.0,
    284.0,
    270.0,
    284.0,
    284.0,
    284.0,
    284.0,
    284.0,
    284.0,
    284.0,
    284.0,
    284.0,
    227.0,
    284.0,
    198.0,
    284.0,
    225.0,
    212.0,
    284.0,
    282.0,
    284.0,
    260.0,
    284.0,
    284.0,
    284.0,
    284.0,
    284.0,
    225.0,
    209.0,
    284.0,
    245.0,
    284.0,
    284.0,
    284.0,
    284.0,
    284.0,
    284.0,
    243.0,
    284.0,
    283.0,
    284.0,
    284.0,
    284.0
  ],