{
  "best_max_clearance_over_obstacle": 0.5637383460998535,
  "best_max_torso_x": 2.906620502471924,
  "checkpoint": "/root/whole_body_tracking-main/logs/rsl_rl/g1_knee_climb/2026-05-23_20-00-18_g1_knee_climb_50cm_fixed_start095_resume5000/model_6000.pt",
  "episode_lengths": [
    166.0,
    292.0,
    300.0,
    550.0,
    550.0,
    550.0,
    550.0,
    550.0,
    550.0,
    550.0,
    550.0,
    550.0,
    550.0,
    550.0,
    550.0,
    550.0,
    550.0,
    550.0,
    550.0,
    550.0,
    550.0,
    550.0,
    550.0,
    550.0,
    550.0,
    550.0,
    550.0,
    550.0,
    550.0,
    550.0,
    550.0,
    550.0,
    550.0,
    550.0,
    550.0,
    358.0,
    550.0,
    550.0,
    550.0,
    550.0,
    550.0,
    550.0,
    550.0,
    550.0,
    550.0,
    550.0,
    550.0,
    550.0,
    550.0,
    550.0,
    550.0,
    550.0,
    550.0,
    550.0,
    550.0,
    550.0,
    550.0,
    550.0,
    550.0,
    550.0,
    550.0,
    550.0,
    550.0,
    550.0
  ],
  "episode_max_clearance_over_obstacle": [
    0.35761284828186035,
    0.45715034008026123,
    0.5637383460998535,
    0.45868587493896484,
    0.46313369274139404,
    0.44892996549606323,
    0.46586233377456665,
    0.44451653957366943,
    0.4653049111366272,
    0.4353786110877991,
    0.44770753383636475,
    0.4713248610496521,
    0.45865398645401,
    0.45676493644714355,
    0.4459274411201477,
    0.45828700065612793,
    0.4768034815788269,
    0.4342225193977356,
    0.4487677812576294,
    0.437846839427948,
    0.43407392501831055,
    0.440609872341156,
    0.44970202445983887,
    0.4545973539352417,
    0.4406585693359375,
    0.4360608458518982,
    0.45100611448287964,
    0.441306471824646,
    0.4361516833305359,
    0.4424039125442505,
    0.43910783529281616,
    0.4451099634170532,
    0.44316810369491577,
    0.4441496729850769,
    0.44490891695022583,
    0.5136748552322388,
    0.45508044958114624,
    0.44679874181747437,
    0.4390102028846741,
    0.4337986707687378,
    0.46470099687576294,
    0.4650050401687622,
    0.4359791874885559,
    0.46396851539611816,
    0.45222121477127075,
    0.44227278232574463,
    0.44190484285354614,
    0.4428367614746094,
    0.45584648847579956,
    0.45024168491363525,
    0.46127790212631226,
    0.4462353587150574,
    0.44736742973327637,
    0.44778138399124146,
    0.45376884937286377,
    0.4476349949836731,
    0.4348874092102051,
    0.453410267829895,
    0.43801450729370117,
    0.46532851457595825,
    0.47909456491470337,
    0.4350464940071106,
    0.45548272132873535,
    0.45249879360198975
  ],
  "episode_max_torso_height": [
    0.8938245177268982,
    1.3607481718063354,
    1.3853663206100464,
    1.3614602088928223,
    1.3556082248687744,
    1.368579387664795,
    1.3737071752548218,
    1.359548568725586,
    1.3847330808639526,
    1.357239842414856,
    1.3644132614135742,
    1.3607486486434937,
    1.3714226484298706,
    1.3601243495941162,
    1.3595144748687744,
    1.361910104751587,
    1.3848203420639038,
    1.3668268918991089,
    1.3728135824203491,
    1.359661340713501,
    1.3562524318695068,
    1.3644850254058838,
    1.3799173831939697,
    1.3606340885162354,
    1.3627605438232422,
    1.3584189414978027,
    1.3602558374404907,
    1.3586806058883667,
    1.3643542528152466,
    1.364200472831726,
    1.3631805181503296,
    1.3767441511154175,
    1.3613629341125488,
    1.363631010055542,
    1.3667247295379639,
    1.3588396310806274,
    1.3616218566894531,
    1.3688440322875977,
    1.3596222400665283,
    1.3579394817352295,
    1.3883030414581299,
    1.3978618383407593,
    1.3767706155776978,
    1.3811161518096924,
    1.360838770866394,
    1.3672940731048584,
    1.365275502204895,
    1.3633010387420654,
    1.3596680164337158,
    1.3747897148132324,
    1.3704681396484375,
    1.379218578338623,
    1.3734852075576782,
    1.3786906003952026,
    1.3605700731277466,
    1.3590106964111328,
    1.3521497249603271,
    1.3702683448791504,
    1.3667702674865723,
    1.3736484050750732,
    1.372743010520935,
    1.3654652833938599,
    1.3830357789993286,
    1.3776332139968872
  ],
  "episode_max_torso_x": [
    1.3135688304901123,
    1.8087162971496582,
    2.0564403533935547,
    2.4275736808776855,
    2.7198734283447266,
    2.843843936920166,
    2.5110044479370117,
    2.7395434379577637,
    2.879490375518799,
    2.499391794204712,
    2.5236823558807373,
    2.715214967727661,
    2.858952283859253,
    2.4325175285339355,
    2.4429707527160645,
    2.787631034851074,
    2.5121006965637207,
    2.389007329940796,
    2.493497610092163,
    2.6264162063598633,
    2.477262496948242,
    2.5759639739990234,
    2.589550018310547,
    2.5385656356811523,
    2.906620502471924,
    2.476041316986084,
    2.3503942489624023,
    2.4680392742156982,
    2.511925458908081,
    2.4138453006744385,
    2.6272387504577637,
    2.504373073577881,
    2.4559292793273926,
    2.52656888961792,
    2.801839590072632,
    2.617420196533203,
    2.4010753631591797,
    2.5771045684814453,
    2.887362480163574,
    2.4828169345855713,
    2.5925936698913574,
    2.488736867904663,
    2.5253608226776123,
    2.618093729019165,
    2.6902880668640137,
    2.594776153564453,
    2.5944809913635254,
    2.574801445007324,
    2.618251323699951,
    2.902127265930176,
    2.802668571472168,
    2.6786117553710938,
    2.492206573486328,
    2.473886489868164,
    2.5433707237243652,
    2.4283881187438965,
    2.8002376556396484,
    2.419802188873291,
    2.6148290634155273,
    2.526846408843994,
    2.52605938911438,
    2.470240354537964,
    2.601119041442871,
    2.626901149749756
  ],
  "episode_returns": [
    12.96955394744873,
    20.155868530273438,
    21.14551544189453,
    41.24232864379883,
    40.48609924316406,
    40.98960494995117,
    42.00643539428711,
    42.42086410522461,
    41.95170974731445,
    42.360042572021484,
    42.76680374145508,
    42.61225509643555,
    42.13249588012695,
    41.0805778503418,
    41.33716583251953,
    41.910179138183594,
    40.628379821777344,
    42.04707717895508,
    42.53797912597656,
    42.117645263671875,
    42.01622009277344,
    43.00996017456055,
    42.825557708740234,
    41.267677307128906,
    39.595008850097656,
    42.78253173828125,
    42.04683303833008,
    42.545841217041016,
    42.50538635253906,
    43.036659240722656,
    42.6709098815918,
    42.21074676513672,
    42.351036071777344,
    42.16694641113281,
    42.98253631591797,
    23.817401885986328,
    42.01110076904297,
    42.66888427734375,
    41.077239990234375,
    42.900238037109375,
    42.8613395690918,
    41.6157341003418,
    43.236228942871094,
    41.62900161743164,
    40.88562774658203,
    42.53780746459961,
    42.15262985229492,
    42.59485626220703,
    42.86246109008789,
    40.50191879272461,
    40.46249771118164,
    41.98405075073242,
    42.89759063720703,
    42.5389518737793,
    43.50910186767578,
    40.710716247558594,
    41.41698455810547,
    42.39284133911133,
    42.704532623291016,
    42.353050231933594,
    40.6646842956543,
    42.96149826049805,
    40.05657196044922,
    42.30207061767578
  ],
  "episode_successes": [
    false,
    true,
    true,
    true,
    true,
    true,
    true,
    true,
    true,
    true,
    true,
    true,
    true,
    true,
    true,
    true,
    true,
    true,
    true,
    true,
    true,
    true,
    true,
    true,
    true,
    true,
    true,
    true,
    true,
    true,
    true,
    true,
    true,
    true,
    true,
    true,
    true,
    true,
    true,
    true,
    true,
    true,
    true,
    true,
    true,
    true,
    true,
    true,
    true,
    true,
    true,
    true,
    true,
    true,
    true,
    true,
    true,
    true,
    true,
    true,
    true,
    true,
    true,
    true
  ],
  "episodes": 64,
  "mean_length": 533.0625,
  "mean_max_clearance_over_obstacle": 0.4509500740095973,