{
  "best_max_clearance_over_obstacle": 0.5559263229370117,
  "best_max_torso_x": 3.1317758560180664,
  "checkpoint": "/root/whole_body_tracking-main/logs/rsl_rl/g1_knee_climb/2026-05-23_20-00-18_g1_knee_climb_50cm_fixed_start095_resume5000/model_6000.pt",
  "episode_lengths": [
    225.0,
    301.0,
    304.0,
    550.0,
    550.0,
    550.0,
    550.0,
    550.0,
    550.0,
    550.0,
    550.0,
    550.0,
    550.0,
    550.0,
    550.0,
    550.0,
    550.0,
    550.0,
    550.0,
    322.0,
    550.0,
    550.0,
    550.0,
    550.0,
    550.0,
    550.0,
    550.0,
    550.0,
    550.0,
    550.0,
    550.0,
    550.0,
    130.0,
    550.0,
    294.0,
    550.0,
    550.0,
    306.0,
    550.0,
    550.0,
    550.0,
    550.0,
    550.0,
    550.0,
    550.0,
    550.0,
    550.0,
    550.0,
    294.0,
    307.0,
    550.0,
    550.0,
    550.0,
    294.0,
    550.0,
    550.0,
    292.0,
    142.0,
    550.0,
    550.0,
    550.0,
    550.0,
    550.0,
    550.0,
    550.0,
    550.0,
    550.0,
    361.0,
    550.0,
    223.0,
    550.0,
    550.0,
    550.0,
    550.0,
    550.0,
    550.0,
    550.0,
    550.0,
    550.0,
    550.0,
    550.0,
    550.0,
    550.0,
    550.0,
    550.0,
    550.0,
    550.0,
    550.0,
    550.0,
    550.0,
    167.0,
    550.0,
    550.0,
    550.0,
    550.0,
    550.0,
    550.0,
    550.0,
    550.0,
    550.0,
    550.0,
    550.0,
    210.0,
    550.0,
    550.0,
    550.0,
    550.0,
    550.0,
    550.0,
    550.0,
    550.0,
    550.0,
    550.0,
    550.0,
    550.0,
    550.0,
    339.0,
    105.0,
    550.0,
    121.0,
    550.0,
    550.0,
    550.0,
    550.0,
    550.0,
    294.0,
    550.0,
    550.0
  ],
  "episode_max_clearance_over_obstacle": [
    0.5417484045028687,
    0.45159614086151123,
    0.4430367946624756,
    0.45098984241485596,
    0.4271380305290222,
    0.438301682472229,
    0.4475363492965698,
    0.4836903214454651,
    0.436570942401886,
    0.4942600727081299,
    0.44577914476394653,
    0.4696911573410034,
    0.48064303398132324,
    0.45006346702575684,
    0.4678336977958679,
    0.48549532890319824,
    0.4377777576446533,
    0.5023691654205322,
    0.4375764727592468,
    0.4972316026687622,
    0.44154518842697144,
    0.4480621814727783,
    0.4337460994720459,
    0.4748033881187439,
    0.43395137786865234,
    0.4877557158470154,
    0.46919023990631104,
    0.46172744035720825,
    0.4430199861526489,
    0.459816038608551,
    0.4450778365135193,
    0.44600987434387207,
    0.25782477855682373,
    0.43215036392211914,
    0.4918651580810547,
    0.43435484170913696,
    0.4449654221534729,
    0.4711061716079712,
    0.42389070987701416,
    0.43491846323013306,
    0.44551247358322144,
    0.466064453125,
    0.4421280026435852,
    0.4463658928871155,
    0.4491652846336365,
    0.4565451145172119,
    0.45974886417388916,
    0.44396841526031494,
    0.5185104608535767,
    0.5454819202423096,
    0.4607587456703186,
    0.45209062099456787,
    0.44606447219848633,
    0.5384759902954102,
    0.4508364200592041,
    0.48561352491378784,
    0.5542185306549072,
    0.22839206457138062,
    0.44465529918670654,
    0.4602002501487732,
    0.48026716709136963,
    0.45563697814941406,
    0.44246572256088257,
    0.45716702938079834,
    0.4294440746307373,
    0.47946667671203613,
    0.4619196653366089,
    0.4270855188369751,
    0.4382662773132324,
    0.347888708114624,
    0.44098353385925293,
    0.4454401731491089,
    0.4875876307487488,
    0.47320348024368286,
    0.4399569034576416,
    0.440574049949646,
    0.44355398416519165,
    0.45048362016677856,
    0.4607333540916443,
    0.4556747078895569,
    0.44166141748428345,
    0.4425954818725586,
    0.44927090406417847,
    0.476535439491272,
    0.43868178129196167,
    0.5054153203964233,
    0.45178091526031494,
    0.4424152970314026,
    0.45672500133514404,
    0.5045490264892578,
    0.2784128189086914,
    0.4328555464744568,
    0.4738921523094177,
    0.47105705738067627,
    0.4748551845550537,
    0.45017385482788086,
    0.45720118284225464,
    0.44456034898757935,
    0.4422985911369324,
    0.44082772731781006,
    0.4500676393508911,
    0.4755759835243225,
    0.28035080432891846,
    0.4527331590652466,
    0.4668470025062561,
    0.4469250440597534,
    0.4464869499206543,
    0.4924492835998535,
    0.4457663893699646,
    0.48684000968933105,
    0.4722486734390259,
    0.4405773878097534,
    0.48355817794799805,
    0.446696400642395,
    0.4337729215621948,
    0.43507713079452515,
    0.5559263229370117,
    0.2031726837158203,
    0.44743961095809937,
    0.36401861906051636,
    0.4513513445854187,
    0.4486687183380127,
    0.45192569494247437,
    0.44255316257476807,
    0.4425373673439026,
    0.467570960521698,
    0.44284588098526,
    0.4482860565185547
  ],
  "episode_max_torso_height": [
    1.0419034957885742,
    1.3998918533325195,
    1.3984798192977905,
    1.3586078882217407,
    1.3610169887542725,
    1.3829542398452759,
    1.3783982992172241,
    1.3677197694778442,
    1.3616236448287964,
    1.3883683681488037,
    1.3526806831359863,
    1.3903809785842896,
    1.3821685314178467,
    1.3588048219680786,
    1.3787891864776611,
    1.3929903507232666,
    1.3625127077102661,
    1.3734140396118164,
    1.3683325052261353,
    1.388412356376648,
    1.3602160215377808,
    1.3618947267532349,
    1.3596657514572144,
    1.3670248985290527,
    1.3679203987121582,
    1.380744457244873,
    1.391615390777588,
    1.3857086896896362,
    1.3719205856323242,
    1.3549412488937378,
    1.3699077367782593,
    1.380349040031433,
    0.8938247561454773,
    1.3664449453353882,
    1.370886206626892,
    1.35917067527771,
    1.373277187347412,
    1.385425329208374,
    1.359893798828125,
    1.367262601852417,
    1.3575137853622437,
    1.3909167051315308,
    1.358981728553772,
    1.3785486221313477,
    1.359453797340393,
    1.379624605178833,
    1.3751033544540405,
    1.3772757053375244,
    1.3876994848251343,
    1.4047865867614746,
    1.3758600950241089,
    1.367854356765747,
    1.362827181816101,
    1.3945659399032593,
    1.357548475265503,
    1.3780840635299683,
    1.3902981281280518,
    0.8938247561454773,
    1.3587279319763184,
    1.3666630983352661,
    1.3634108304977417,
    1.3783169984817505,
    1.3605217933654785,
    1.3863059282302856,
    1.3567578792572021,
    1.362541913986206,
    1.3729300498962402,
    1.3871841430664062,
    1.3644070625305176,
    1.0834766626358032,
    1.3541730642318726,
    1.3890129327774048,
    1.3718584775924683,
    1.366515874862671,
    1.3719415664672852,
    1.37555730342865,
    1.3667573928833008,
    1.3688002824783325,
    1.3702391386032104,
    1.3680682182312012,
    1.3587665557861328,
    1.3718385696411133,
    1.371444821357727,
    1.3725963830947876,
    1.3655552864074707,
    1.3642467260360718,
    1.3804035186767578,
    1.3689498901367188,
    1.3746228218078613,
    1.37887442111969,
    0.8972142934799194,
    1.3921630382537842,
    1.359627366065979,
    1.373907208442688,
    1.388776421546936,
    1.3677151203155518,
    1.3772013187408447,
    1.3598495721817017,
    1.3624831438064575,
    1.3586567640304565,
    1.3784751892089844,
    1.3898123502731323,
    1.0892564058303833,
    1.370640754699707,
    1.3759084939956665,
    1.3780995607376099,
    1.3644922971725464,
    1.3907272815704346,
    1.3748691082000732,
    1.374696969985962,
    1.3778831958770752,
    1.3773807287216187,
    1.3807891607284546,
    1.3681087493896484,
    1.3542852401733398,
    1.3688746690750122,
    1.3860065937042236,
    0.8938247561454773,
    1.3670811653137207,
    0.8938247561454773,
    1.3746082782745361,
    1.3899612426757812,
    1.3671445846557617,
    1.360706090927124,
    1.3615946769714355,
    1.3991867303848267,
    1.3729310035705566,
    1.3596467971801758
  ],