{
  "best_flip_rotation": 2.820103883743286,
  "best_max_torso_height": 0.9319595694541931,
  "best_max_torso_x": 0.9773035049438477,
  "checkpoint": "/root/whole_body_tracking-main/logs/rsl_rl/g1_asap_side_jump_l4/2026-06-03_12-06-11_adapted_task_rewards/model_799.pt",
  "episode_final_ang_speed": [
    0.6069995760917664,
    0.640015721321106,
    1.166119933128357,
    1.0099260807037354,
    0.743213951587677,
    1.0077059268951416,
    1.1702638864517212,
    0.9648661613464355,
    1.2165870666503906,
    0.778279185295105,
    0.7803357839584351,
    1.2236827611923218,
    1.3186345100402832,
    0.5501804351806641,
    0.671053409576416,
    0.7825284600257874,
    1.4587236642837524,
    0.6266138553619385,
    0.6248261332511902,
    0.8379324674606323,
    0.7338831424713135,
    1.147280216217041,
    0.7235116362571716,
    1.0796329975128174,
    0.8512531518936157,
    0.6852099895477295,
    0.6920839548110962,
    1.3753563165664673,
    0.8318798542022705,
    1.0314595699310303,
    0.8944239020347595,
    0.689018964767456,
    0.9165545701980591,
    0.9567281603813171,
    0.9896722435951233,
    1.2244818210601807,
    0.78119957447052,
    0.444296270608902,
    0.941845715045929,
    0.971599280834198,
    1.0588771104812622,
    0.9001355767250061,
    0.8719965219497681,
    0.9663212299346924,
    1.1226228475570679,
    1.052361249923706,
    0.916365385055542,
    0.7364271879196167,
    0.8207718133926392,
    0.9707682132720947,
    0.7696029543876648,
    1.6791081428527832,
    1.0360867977142334,
    0.679473340511322,
    1.1211230754852295,
    0.5794873833656311,
    0.9441369771957397,
    0.9410253763198853,
    1.3819289207458496,
    0.6014215350151062,
    1.2436223030090332,
    1.5780096054077148,
    1.3620413541793823,
    0.758379340171814
  ],
  "episode_final_speed": [
    0.14758461713790894,
    0.43505626916885376,
    0.0756726786494255,
    0.1740870624780655,
    0.1133054792881012,
    0.12879301607608795,
    0.29803577065467834,
    0.149722158908844,
    0.10270276665687561,
    0.09470227360725403,
    0.19933223724365234,
    0.4254356324672699,
    0.5329419374465942,
    0.15700247883796692,
    0.10578718781471252,
    0.12588272988796234,
    0.5052468180656433,
    0.138533815741539,
    0.11934352666139603,
    0.14741866290569305,
    0.10053235292434692,
    0.18678916990756989,
    0.15320028364658356,
    0.0686570331454277,
    0.1001366451382637,
    0.07832246273756027,
    0.16607561707496643,
    0.6170217990875244,
    0.07907094806432724,
    0.2472352534532547,
    0.0870925784111023,
    0.10890401154756546,
    0.4803504943847656,
    0.2614968419075012,
    0.16227926313877106,
    0.25051453709602356,
    0.10617364943027496,
    0.4740561246871948,
    0.12543334066867828,
    0.1581583470106125,
    0.09849068522453308,
    0.08929546922445297,
    0.18665185570716858,
    0.24475418031215668,
    0.1255371868610382,
    0.25772595405578613,
    0.19157549738883972,
    0.04414137825369835,
    0.22418542206287384,
    0.21460741758346558,
    0.09102911502122879,
    1.5516494512557983,
    0.15373924374580383,
    0.10115591436624527,
    0.164413720369339,
    0.09465610980987549,
    0.13400693237781525,
    0.10288156569004059,
    0.5019722580909729,
    0.08363371342420578,
    0.6354515552520752,
    1.2417471408843994,
    0.840416669845581,
    0.13955968618392944
  ],
  "episode_final_yaw_error": [
    1.524259090423584,
    1.5687799453735352,
    1.5218182802200317,
    1.4935095310211182,
    1.551851749420166,
    1.5453202724456787,
    1.5718551874160767,
    1.5670472383499146,
    1.5491348505020142,
    1.529486060142517,
    1.5062720775604248,
    1.5778052806854248,
    1.5968681573867798,
    1.5622578859329224,
    1.560246229171753,
    1.5769331455230713,
    1.5525108575820923,
    1.5683560371398926,
    1.529444932937622,
    1.4916309118270874,
    1.5677417516708374,
    1.541549563407898,
    1.5899806022644043,
    1.5277080535888672,
    1.5061657428741455,
    1.4551142454147339,
    1.4988932609558105,
    1.676782488822937,
    1.5147274732589722,
    1.5478154420852661,
    1.5658501386642456,
    1.5557295083999634,
    1.6044244766235352,
    1.5338125228881836,
    1.5258275270462036,
    1.5555119514465332,
    1.53770112991333,
    1.5327506065368652,
    1.5100637674331665,
    1.584665298461914,
    1.4777600765228271,
    1.525066614151001,
    1.5328850746154785,
    1.5445337295532227,
    1.5269142389297485,
    1.495604395866394,
    1.5206137895584106,
    1.5035396814346313,
    1.5475261211395264,
    1.5695072412490845,
    1.5004196166992188,
    1.6763497591018677,
    1.5465914011001587,
    1.5334453582763672,
    1.544291377067566,
    1.5660911798477173,
    1.5934922695159912,
    1.5531470775604248,
    1.4711192846298218,
    1.5636543035507202,
    1.5994646549224854,
    1.7505756616592407,
    1.6943484544754028,
    1.6691181659698486
  ],
  "episode_flip_rotation": [
    1.947065830230713,
    2.0697340965270996,
    1.7940154075622559,
    1.8714847564697266,
    1.844738245010376,
    1.9210516214370728,
    1.8280260562896729,
    1.911285638809204,
    1.8785338401794434,
    1.8956581354141235,
    1.8757730722427368,
    2.2096126079559326,
    1.936592936515808,
    1.7972029447555542,
    1.8755091428756714,
    2.0548136234283447,
    1.883131742477417,
    1.7757819890975952,
    1.9280920028686523,
    1.8664358854293823,
    1.8373726606369019,
    1.773546814918518,
    1.8223546743392944,
    1.9479128122329712,
    1.8241825103759766,
    1.7115036249160767,
    1.9304783344268799,
    2.820103883743286,
    1.763575792312622,
    1.776098370552063,
    1.8274321556091309,
    2.274157762527466,
    1.9501099586486816,
    1.7111941576004028,
    1.9608097076416016,
    1.9527778625488281,
    1.8220475912094116,
    1.985457181930542,
    1.8538423776626587,
    1.8032244443893433,
    1.7485573291778564,
    1.929001808166504,
    1.988629937171936,
    1.7462859153747559,
    1.8903024196624756,
    1.86879301071167,
    1.666695237159729,
    1.8514347076416016,
    2.051642894744873,
    1.8552212715148926,
    1.699251413345337,
    2.6781089305877686,
    1.9506601095199585,
    1.954918622970581,
    1.818034291267395,
    1.8990778923034668,
    2.009856700897217,
    1.9658875465393066,
    1.9004219770431519,
    1.8306236267089844,
    2.1688554286956787,
    2.380502939224243,
    2.3456082344055176,
    2.148207187652588
  ],
  "episode_lengths": [
    167.0,
    167.0,
    167.0,
    167.0,
    167.0,
    167.0,
    167.0,
    167.0,
    167.0,
    167.0,
    167.0,
    167.0,
    167.0,
    167.0,
    167.0,
    167.0,
    167.0,
    167.0,
    167.0,
    167.0,
    167.0,
    167.0,
    167.0,
    167.0,
    167.0,
    167.0,
    167.0,
    167.0,
    167.0,
    167.0,
    167.0,
    167.0,
    167.0,
    167.0,
    167.0,
    167.0,
    167.0,
    167.0,
    167.0,
    167.0,
    167.0,
    167.0,
    167.0,
    167.0,
    167.0,
    167.0,
    167.0,
    167.0,
    167.0,
    167.0,
    167.0,
    167.0,
    167.0,
    167.0,
    167.0,
    167.0,
    167.0,
    167.0,
    167.0,
    167.0,
    167.0,
    167.0,
    167.0,
    167.0
  ],
  "episode_low_posture_fraction": [
    0.0,
    0.0,
    0.0,
    0.0,
    0.0,
    0.0,
    0.0,
    0.0,
    0.0,
    0.0,
    0.0,
    0.0,
    0.0,
    0.0,
    0.0,
    0.0,
    0.0,
    0.0,
    0.0,
    0.0,
    0.0,
    0.0,
    0.0,
    0.0,
    0.0,
    0.0,
    0.0,
    0.0,
    0.0,
    0.0,
    0.0,
    0.0,
    0.0,
    0.0,
    0.0,
    0.0,
    0.0,
    0.0,
    0.0,
    0.0,
    0.0,
    0.0,
    0.0,
    0.0,
    0.0,
    0.0,
    0.0,
    0.0,
    0.0,
    0.0,
    0.0,
    0.0,
    0.0,
    0.0,
    0.0,
    0.0,
    0.0,
    0.0,
    0.0,
    0.0,
    0.0,
    0.0,
    0.0,
    0.0
  ],