{
  "best_flip_rotation": 2.5114731788635254,
  "best_max_torso_height": 0.9319595098495483,
  "best_max_torso_x": 1.157426357269287,
  "checkpoint": "/root/whole_body_tracking-main/logs/rsl_rl/g1_asap_side_jump_l4_baseline/2026-06-03_11-43-03_baseline_beyondmimic/model_799.pt",
  "episode_final_ang_speed": [
    0.3805500864982605,
    0.8235898613929749,
    0.41318944096565247,
    0.5560913681983948,
    0.677139163017273,
    0.8610544800758362,
    0.6205914616584778,
    0.5431414246559143,
    0.8154000639915466,
    0.5903255939483643,
    0.7487434148788452,
    0.814476728439331,
    1.0091758966445923,
    0.7170753479003906,
    0.9580705761909485,
    1.0556923151016235,
    0.6813623905181885,
    0.6524814963340759,
    0.6523951292037964,
    0.9520220160484314,
    0.6518478989601135,
    0.38074663281440735,
    0.47877058386802673,
    1.1445496082305908,
    0.6346948146820068,
    0.6001747846603394,
    0.9988343119621277,
    0.58810955286026,
    0.6619685292243958,
    0.927171528339386,
    0.7957739233970642,
    0.42756175994873047,
    0.6883731484413147,
    0.6506745219230652,
    0.565648078918457,
    0.8702548742294312,
    0.44281500577926636,
    1.187916874885559,
    2.6594579219818115,
    0.3027150630950928,
    0.6594215631484985,
    0.8124149441719055,
    0.2940615713596344,
    0.6596445441246033,
    0.7408201694488525,
    0.796295166015625,
    0.3940608501434326,
    0.9713659286499023,
    0.6753671169281006,
    0.5091239213943481,
    0.7355406284332275,
    0.6757112741470337,
    0.7503949403762817,
    0.8829795718193054,
    1.2584500312805176,
    1.0486584901809692,
    1.5551276206970215,
    0.663724422454834,
    0.5581790804862976,
    0.6359086036682129,
    0.7550320029258728,
    0.9340115189552307,
    0.9788658618927002,
    0.7187790274620056
  ],
  "episode_final_speed": [
    0.2721099257469177,
    0.15839919447898865,
    0.4510672986507416,
    0.1622275710105896,
    0.11083496361970901,
    0.20384816825389862,
    0.142827570438385,
    0.10514239221811295,
    0.11791642755270004,
    0.1179162934422493,
    0.11449176073074341,
    0.12230373173952103,
    0.09735129773616791,
    0.18409644067287445,
    0.1619645655155182,
    0.0977991595864296,
    0.20258042216300964,
    0.19149845838546753,
    0.11255551129579544,
    0.12808038294315338,
    0.40377965569496155,
    0.1461440771818161,
    0.29895007610321045,
    0.13152536749839783,
    0.11386481672525406,
    0.19574597477912903,
    0.1450132131576538,
    0.19043995440006256,
    0.22293491661548615,
    0.38573524355888367,
    0.05684642493724823,
    0.29852643609046936,
    0.22066421806812286,
    0.10610847175121307,
    0.10557317733764648,
    0.12673348188400269,
    0.5281323790550232,
    0.17796975374221802,
    1.019980549812317,
    0.3551570177078247,
    0.18285086750984192,
    0.06345678865909576,
    0.07400296628475189,
    0.3056686818599701,
    0.11085531115531921,
    0.15069127082824707,
    0.11492068320512772,
    0.412937194108963,
    0.2263098508119583,
    0.10935371369123459,
    0.844140887260437,
    0.21245640516281128,
    0.07371847331523895,
    0.1269349604845047,
    0.5575363636016846,
    0.5409460663795471,
    0.6572167873382568,
    0.09577374905347824,
    0.10970272123813629,
    0.10619307309389114,
    0.09949091076850891,
    0.3061007261276245,
    0.092656210064888,
    0.13786236941814423
  ],
  "episode_final_yaw_error": [
    1.6705907583236694,
    1.316953420639038,
    1.5526903867721558,
    1.4739980697631836,
    1.5035655498504639,
    1.3437188863754272,
    1.443119764328003,
    1.5045652389526367,
    1.5510470867156982,
    1.5292249917984009,
    1.395349144935608,
    1.461572289466858,
    1.5113672018051147,
    1.427056074142456,
    1.467050552368164,
    1.5141602754592896,
    1.5480072498321533,
    1.4581613540649414,
    1.5593382120132446,
    1.4950827360153198,
    1.3706614971160889,
    1.3765864372253418,
    1.5967528820037842,
    1.478322148323059,
    1.4955017566680908,
    1.4278758764266968,
    1.4273580312728882,
    1.5252346992492676,
    1.5723752975463867,
    1.5018370151519775,
    1.4437377452850342,
    1.5562827587127686,
    1.5084540843963623,
    1.41250479221344,
    1.612650752067566,
    1.5510540008544922,
    1.4872134923934937,
    1.4148080348968506,
    1.5349490642547607,
    1.6042629480361938,
    1.5067970752716064,
    1.5628812313079834,
    1.5338757038116455,
    1.430591344833374,
    1.5314403772354126,
    1.428972840309143,
    1.4185678958892822,
    1.5849919319152832,
    1.5468772649765015,
    1.4892363548278809,
    1.34104585647583,
    1.4204490184783936,
    1.4475690126419067,
    1.4325737953186035,
    1.4824644327163696,
    1.3568603992462158,
    1.6598868370056152,
    1.52557373046875,
    1.4983561038970947,
    1.49673593044281,
    1.5428802967071533,
    1.5820822715759277,
    1.5577789545059204,
    1.4885467290878296
  ],
  "episode_flip_rotation": [
    2.0196685791015625,
    1.6967488527297974,
    2.103227138519287,
    1.9200180768966675,
    1.7956843376159668,
    1.9654970169067383,
    1.8928724527359009,
    1.80760657787323,
    1.8581041097640991,
    1.980270266532898,
    2.0345730781555176,
    1.7791492938995361,
    1.9879570007324219,
    1.6969646215438843,
    1.8406717777252197,
    1.8836941719055176,
    1.8789386749267578,
    1.8419448137283325,
    2.087634563446045,
    1.8704568147659302,
    2.019472599029541,
    1.828980565071106,
    1.702117919921875,
    1.870436191558838,
    2.2036290168762207,
    1.5519206523895264,
    1.9397696256637573,
    1.9350552558898926,
    1.8013676404953003,
    2.204275131225586,
    1.6750595569610596,
    1.9380744695663452,
    2.26301908493042,
    1.760298728942871,
    2.5114731788635254,
    1.7944378852844238,
    1.9590966701507568,
    1.7684757709503174,
    1.9826284646987915,
    2.1255881786346436,
    1.8603355884552002,
    1.939323902130127,
    2.1004457473754883,
    1.892859697341919,
    1.959768295288086,
    1.7477878332138062,
    1.7254784107208252,
    1.9289166927337646,
    2.024580717086792,
    1.8778256177902222,
    2.208982229232788,
    1.715369462966919,
    1.9399878978729248,
    2.005614757537842,
    2.0520527362823486,
    1.9821059703826904,
    1.9122799634933472,
    1.732348084449768,
    1.7787405252456665,
    2.02734375,
    2.1306841373443604,
    2.1712286472320557,
    2.2765445709228516,
    1.740336537361145
  ],
  "episode_lengths": [
    167.0,
    167.0,
    167.0,
    167.0,
    167.0,
    167.0,
    167.0,
    167.0,
    167.0,
    167.0,
    167.0,
    167.0,
    167.0,
    167.0,
    167.0,
    167.0,
    167.0,
    167.0,
    167.0,
    167.0,
    167.0,
    167.0,
    167.0,
    167.0,
    167.0,
    167.0,
    167.0,
    167.0,
    167.0,
    167.0,
    167.0,
    167.0,
    167.0,
    167.0,
    167.0,
    167.0,
    167.0,
    167.0,
    167.0,
    167.0,
    167.0,
    167.0,
    167.0,
    167.0,
    167.0,
    167.0,
    167.0,
    167.0,
    167.0,
    167.0,
    167.0,
    167.0,
    167.0,
    167.0,
    167.0,
    167.0,
    167.0,
    167.0,
    167.0,
    167.0,
    167.0,
    167.0,
    167.0,
    167.0
  ],
  "episode_low_posture_fraction": [
    0.0,
    0.0,
    0.0,
    0.0,
    0.0,
    0.0,
    0.0,
    0.0,
    0.0,
    0.0,
    0.0,
    0.0,
    0.0,
    0.0,
    0.0,
    0.0,
    0.0,
    0.0,
    0.0,
    0.0,
    0.0,
    0.0,
    0.0,
    0.0,
    0.0,
    0.0,
    0.0,
    0.0,
    0.0,
    0.0,
    0.0,
    0.0,
    0.0,
    0.0,
    0.0,
    0.0,
    0.0,
    0.0,
    0.0,
    0.0,
    0.0,
    0.0,
    0.0,
    0.0,
    0.0,
    0.0,
    0.0,
    0.0,
    0.0,
    0.0,
    0.0,
    0.0,
    0.0,
    0.0,
    0.0,
    0.0,
    0.0,
    0.0,
    0.0,
    0.0,
    0.0,
    0.0,
    0.0,
    0.0
  ],