{
  "best_flip_rotation": 2.1347594261169434,
  "best_max_torso_height": 0.9319595694541931,
  "best_max_torso_x": 1.880812644958496,
  "checkpoint": "/root/whole_body_tracking-main/logs/rsl_rl/g1_asap_side_jump_l4/2026-06-03_20-11-41_evo_gen6_m3_000_stage2/model_998.pt",
  "episode_final_ang_speed": [
    0.8450497984886169,
    0.9729939103126526,
    1.0184835195541382,
    2.022203207015991,
    0.720431923866272,
    0.765423595905304,
    0.7992140650749207,
    0.8770655989646912,
    0.7761995196342468,
    1.0192583799362183,
    1.0562541484832764,
    1.1258742809295654,
    0.7103298902511597,
    1.1679050922393799,
    0.735035240650177,
    0.9854942560195923,
    1.3687562942504883,
    0.7801538705825806,
    1.0026296377182007,
    0.8207732439041138,
    0.9923961162567139,
    0.8814892172813416,
    0.3181408643722534,
    0.857706606388092,
    0.9889190793037415,
    1.01597261428833,
    0.5608352422714233,
    1.1314222812652588,
    0.7574687004089355,
    0.700424075126648,
    0.7477499842643738,
    1.1843838691711426
  ],
  "episode_final_speed": [
    0.5436745882034302,
    0.6336952447891235,
    0.8576495051383972,
    1.4856754541397095,
    0.5534213185310364,
    0.714796781539917,
    0.6212182641029358,
    0.7057833671569824,
    0.8733336329460144,
    0.7176353931427002,
    0.9206454157829285,
    0.8378036022186279,
    0.7805292010307312,
    0.6221766471862793,
    0.4954965114593506,
    0.6275687217712402,
    1.3483054637908936,
    0.8315777778625488,
    0.7972362041473389,
    0.9316178560256958,
    0.8770222663879395,
    0.8928819894790649,
    0.7534026503562927,
    0.6721036434173584,
    0.5401602387428284,
    0.6565811634063721,
    0.6139593124389648,
    0.3047583997249603,
    0.6654708385467529,
    0.6017778515815735,
    0.9660539031028748,
    0.6722862124443054
  ],
  "episode_final_yaw": [
    -1.5472509860992432,
    -1.5324513912200928,
    -1.4608558416366577,
    -1.4839675426483154,
    -1.5065020322799683,
    -1.6181378364562988,
    -1.551711916923523,
    -1.4802134037017822,
    -1.520452857017517,
    -1.443816900253296,
    -1.5169516801834106,
    -1.521005630493164,
    -1.602481484413147,
    -1.5511090755462646,
    -1.5264445543289185,
    -1.4986615180969238,
    -1.4739238023757935,
    -1.4592645168304443,
    -1.582363486289978,
    -1.4836204051971436,
    -1.494551420211792,
    -1.5751162767410278,
    -1.55058753490448,
    -1.4764065742492676,
    -1.4768394231796265,
    -1.5427846908569336,
    -1.5011067390441895,
    -1.405908465385437,
    -1.4910656213760376,
    -1.5953818559646606,
    -1.5866584777832031,
    -1.4270124435424805
  ],
  "episode_final_yaw_error": [
    0.3074552118778229,
    0.3222547471523285,
    0.39385032653808594,
    0.3707386255264282,
    0.3482041358947754,
    0.23656831681728363,
    0.3029942512512207,
    0.3744927644729614,
    0.33425331115722656,
    0.41088926792144775,
    0.337754487991333,
    0.3337005376815796,
    0.2522246837615967,
    0.303597092628479,
    0.3282615840435028,
    0.3560446500778198,
    0.3807823657989502,
    0.3954416513442993,
    0.2723426818847656,
    0.3710857629776001,
    0.36015474796295166,
    0.2795898914337158,
    0.3041186034679413,
    0.3782995939254761,
    0.3778667449951172,
    0.31192147731781006,
    0.3535994291305542,
    0.44879773259162903,
    0.36364054679870605,
    0.2593243420124054,
    0.2680476903915405,
    0.4276937246322632
  ],
  "episode_flip_rotation": [
    1.8558310270309448,
    1.8173795938491821,
    1.8942137956619263,
    1.9923242330551147,
    1.7808150053024292,
    2.066493272781372,
    1.7816628217697144,
    1.765525460243225,
    1.860408067703247,
    1.8618677854537964,
    1.8427062034606934,
    2.1347594261169434,
    2.042097330093384,
    1.7971818447113037,
    1.7602728605270386,
    1.8946704864501953,
    1.9704115390777588,
    1.9625407457351685,
    2.037792444229126,
    1.990778923034668,
    1.920702338218689,
    2.07926344871521,
    1.846377968788147,
    1.7276942729949951,
    2.0373425483703613,
    1.8738467693328857,
    1.834991455078125,
    1.952645182609558,
    1.8397454023361206,
    1.7481317520141602,
    1.9804795980453491,
    1.9457435607910156
  ],
  "episode_lengths": [
    167.0,
    167.0,
    167.0,
    167.0,
    167.0,
    167.0,
    167.0,
    167.0,
    167.0,
    167.0,
    167.0,
    167.0,
    167.0,
    167.0,
    167.0,
    167.0,
    167.0,
    167.0,
    167.0,
    167.0,
    167.0,
    167.0,
    167.0,
    167.0,
    167.0,
    167.0,
    167.0,
    167.0,
    167.0,
    167.0,
    167.0,
    167.0
  ],
  "episode_low_posture_fraction": [
    0.0,
    0.0,
    0.0,
    0.0,
    0.0,
    0.0,
    0.0,
    0.0,
    0.0,
    0.0,
    0.0,
    0.0,
    0.0,
    0.0,
    0.0,
    0.0,
    0.0,
    0.0,
    0.0,
    0.0,
    0.0,
    0.0,
    0.0,
    0.0,
    0.0,
    0.0,
    0.0,
    0.0,
    0.0,
    0.0,
    0.0,
    0.0
  ],
  "episode_max_body_height": [
    1.1140100955963135,
    1.106894612312317,
    1.0903902053833008,
    1.1010559797286987,
    1.0949355363845825,
    1.1029752492904663,
    1.0982962846755981,
    1.0982774496078491,
    1.1013822555541992,
    1.0953691005706787,
    1.0991777181625366,
    1.1058306694030762,
    1.1165649890899658,
    1.1035654544830322,
    1.109483003616333,
    1.0959056615829468,
    1.1312613487243652,
    1.1255911588668823,
    1.1268870830535889,
    1.0991401672363281,
    1.0943917036056519,
    1.1035420894622803,
    1.1093864440917969,
    1.0988171100616455,
    1.1020393371582031,
    1.096763253211975,
    1.1135493516921997,
    1.1094342470169067,
    1.1003878116607666,
    1.1137574911117554,
    1.1013706922531128,
    1.0976914167404175
  ],
  "episode_max_torso_height": [
    0.9319592714309692,
    0.9319592714309692,
    0.9319592714309692,
    0.9319592714309692,
    0.9319592714309692,
    0.9319592714309692,
    0.9319592714309692,
    0.9319592714309692,
    0.9319592714309692,
    0.9319592714309692,
    0.9319592714309692,
    0.9319592714309692,
    0.9319592714309692,
    0.9319592714309692,
    0.9319592714309692,
    0.9319592714309692,
    0.9319594502449036,
    0.9319595098495483,
    0.9319595098495483,
    0.9319595694541931,
    0.9319595098495483,
    0.9319595098495483,
    0.9319595694541931,
    0.9319593906402588,
    0.9319595098495483,
    0.9319594502449036,
    0.9319595098495483,
    0.9319594502449036,
    0.9319593906402588,
    0.9319595098495483,
    0.9319595098495483,
    0.9319595098495483
  ],
  "episode_max_torso_x": [
    1.7659378051757812,
    1.6189327239990234,
    1.4293575286865234,
    1.7876434326171875,
    1.466848373413086,
    1.5243616104125977,
    1.5507798194885254,
    1.5167546272277832,
    1.6067488193511963,
    1.5212764739990234,
    1.5776832103729248,
    1.5259449481964111,
    1.880812644958496,
    1.4558238983154297,
    1.81488037109375,
    1.5596399307250977,
    1.812281608581543,
    1.665471076965332,
    1.7287521362304688,
    1.5905952453613281,
    1.4330997467041016,
    1.5843534469604492,
    1.6401996612548828,
    1.5564765930175781,
    1.6175074577331543,
    1.4301426410675049,
    1.5493850708007812,
    1.5724337100982666,
    1.5824251174926758,
    1.6609344482421875,
    1.6410894393920898,
    1.6633596420288086
  ],