{
  "best_flip_rotation": 2.2540338039398193,
  "best_max_torso_height": 0.9319592714309692,
  "best_max_torso_x": 1.8449983596801758,
  "checkpoint": "/root/whole_body_tracking-main/logs/rsl_rl/g1_asap_side_jump_l4/2026-06-03_19-41-21_evo_gen6_baseline_000_stage2/model_998.pt",
  "episode_final_ang_speed": [
    0.6150388717651367,
    0.8251426815986633,
    1.0167131423950195,
    0.9540383219718933,
    0.9091305136680603,
    0.9562047719955444,
    1.5352656841278076,
    1.1706812381744385,
    0.7562226057052612,
    1.0390821695327759,
    0.7863404154777527,
    1.1080434322357178,
    0.9331513047218323,
    1.4131675958633423,
    1.2742620706558228,
    1.5845401287078857,
    0.8471951484680176,
    1.0484693050384521,
    1.1468323469161987,
    0.6834090352058411,
    1.1327077150344849,
    1.1648341417312622,
    2.27626633644104,
    1.4376825094223022,
    1.0912575721740723,
    0.6688826680183411,
    0.7528431415557861,
    0.7282722592353821,
    0.9182139039039612,
    1.1808152198791504,
    1.1347497701644897,
    1.0427221059799194,
    0.7574124336242676,
    0.8657029271125793,
    1.1767889261245728,
    0.7366384267807007,
    0.638218879699707,
    1.5419973134994507,
    1.0150762796401978,
    0.6978496313095093,
    0.8542152643203735,
    0.9219401478767395,
    0.7932256460189819,
    0.6292522549629211,
    0.9628555178642273,
    0.6478168368339539,
    1.1060996055603027,
    1.7046037912368774,
    0.905942976474762,
    1.176312804222107,
    1.020530343055725,
    1.0439502000808716,
    1.176279902458191,
    1.3841441869735718,
    1.5873363018035889,
    1.3058363199234009,
    0.9940145015716553,
    1.0005838871002197,
    1.6977778673171997,
    1.0312269926071167,
    1.0496269464492798,
    1.0674251317977905,
    0.648759126663208,
    1.1358073949813843
  ],
  "episode_final_speed": [
    0.8542314171791077,
    0.5181019306182861,
    0.4832623302936554,
    0.570843517780304,
    0.5308879017829895,
    0.47730422019958496,
    0.4542415142059326,
    0.6947135329246521,
    0.24131813645362854,
    0.7712787389755249,
    0.5827978253364563,
    0.8314201235771179,
    0.349172443151474,
    0.48438751697540283,
    0.7667741775512695,
    1.0409982204437256,
    0.49340158700942993,
    0.40880143642425537,
    0.617168128490448,
    0.8977723121643066,
    0.6790832877159119,
    0.4280620813369751,
    0.8469631671905518,
    0.9148582816123962,
    0.5374722480773926,
    0.7300288081169128,
    0.7470097541809082,
    0.5546513199806213,
    0.5174064636230469,
    0.6217596530914307,
    0.4885084331035614,
    0.5530317425727844,
    0.7099563479423523,
    0.4852943420410156,
    0.6344161033630371,
    0.4750477075576782,
    0.4536007046699524,
    0.3938722312450409,
    0.6380332708358765,
    0.8180810213088989,
    0.5462833642959595,
    0.5343502163887024,
    0.3358757495880127,
    0.48785877227783203,
    0.7178648710250854,
    0.44625815749168396,
    0.6587623357772827,
    1.5412251949310303,
    0.42675256729125977,
    0.9543980360031128,
    0.8145291209220886,
    0.4608190059661865,
    0.43318888545036316,
    1.0912894010543823,
    0.6554911136627197,
    0.5843897461891174,
    0.587103545665741,
    0.5867108702659607,
    0.8632097840309143,
    0.7923676371574402,
    0.6798450946807861,
    0.3652011454105377,
    0.35876989364624023,
    0.46740594506263733
  ],
  "episode_final_yaw": [
    -1.6021223068237305,
    -1.613423228263855,
    -1.4949610233306885,
    -1.5728873014450073,
    -1.507152795791626,
    -1.5077908039093018,
    -1.6497727632522583,
    -1.4729524850845337,
    -1.5426331758499146,
    -1.6106797456741333,
    -1.40485680103302,
    -1.5735501050949097,
    -1.5057563781738281,
    -1.4780977964401245,
    -1.5456420183181763,
    -1.4468188285827637,
    -1.605776309967041,
    -1.5610734224319458,
    -1.5853915214538574,
    -1.4532519578933716,
    -1.4401377439498901,
    -1.5274171829223633,
    -1.7004261016845703,
    -1.4755475521087646,
    -1.5090745687484741,
    -1.4902865886688232,
    -1.4465100765228271,
    -1.5103822946548462,
    -1.5225425958633423,
    -1.4845050573349,
    -1.5679638385772705,
    -1.562024712562561,
    -1.461517572402954,
    -1.5274124145507812,
    -1.4515209197998047,
    -1.5625709295272827,
    -1.6245388984680176,
    -1.6015956401824951,
    -1.5656037330627441,
    -1.5837675333023071,
    -1.487999439239502,
    -1.5392435789108276,
    -1.496943473815918,
    -1.4662270545959473,
    -1.4363585710525513,
    -1.5849249362945557,
    -1.4676622152328491,
    -1.4936975240707397,
    -1.577082872390747,
    -1.3875831365585327,
    -1.446709156036377,
    -1.5331394672393799,
    -1.4777164459228516,
    -1.4343106746673584,
    -1.5327426195144653,
    -1.4661600589752197,
    -1.5849758386611938,
    -1.5073057413101196,
    -1.4606903791427612,
    -1.6566779613494873,
    -1.5022183656692505,
    -1.4945212602615356,
    -1.548222541809082,
    -1.5628875494003296
  ],
  "episode_final_yaw_error": [
    0.2525838613510132,
    0.24128295481204987,
    0.3597451448440552,
    0.2818188965320587,
    0.3475533723831177,
    0.3469153344631195,
    0.20493339002132416,
    0.38175368309020996,
    0.3120729923248291,
    0.24402642250061035,
    0.44984936714172363,
    0.281156063079834,
    0.3489497900009155,
    0.37660834193229675,
    0.3090641498565674,
    0.40788733959198,
    0.24892984330654144,
    0.29363274574279785,
    0.26931461691856384,
    0.40145424008369446,
    0.4145684540271759,
    0.32728901505470276,
    0.15428006649017334,
    0.379158616065979,
    0.34563159942626953,
    0.3644195795059204,
    0.4081960916519165,
    0.34432387351989746,
    0.33216357231140137,
    0.37020111083984375,
    0.28674232959747314,
    0.2926814556121826,
    0.39318859577178955,
    0.3272937536239624,
    0.4031852185726166,
    0.2921352684497833,
    0.23016728460788727,
    0.25311052799224854,
    0.2891024351119995,
    0.27093860507011414,
    0.3667067289352417,
    0.315462589263916,
    0.3577626943588257,
    0.3884791135787964,
    0.4183475971221924,
    0.269781231880188,
    0.38704395294189453,
    0.3610086441040039,
    0.2776232957839966,
    0.46712303161621094,
    0.4079970121383667,
    0.32156670093536377,
    0.3769897222518921,
    0.42039546370506287,
    0.3219635486602783,
    0.3885461091995239,
    0.2697303295135498,
    0.347400426864624,
    0.3940157890319824,
    0.19802820682525635,
    0.35248780250549316,
    0.360184907913208,
    0.3064836263656616,
    0.29181861877441406
  ],