{
  "best_flip_rotation": 2.195070505142212,
  "best_max_torso_height": 0.9319595098495483,
  "best_max_torso_x": 2.126516342163086,
  "checkpoint": "/root/whole_body_tracking-main/logs/rsl_rl/g1_asap_side_jump_l4/2026-06-03_19-41-21_evo_gen6_baseline_000_stage2/model_998.pt",
  "episode_final_ang_speed": [
    1.2520917654037476,
    0.9212560057640076,
    1.054054617881775,
    0.7553992867469788,
    1.7394850254058838,
    1.9932883977890015,
    1.541521430015564,
    0.9090979099273682,
    1.095787763595581,
    0.5607694983482361,
    1.3334485292434692,
    1.148491621017456,
    0.8862981200218201,
    0.8837003707885742,
    1.0899752378463745,
    1.0784260034561157,
    1.111366629600525,
    0.968209445476532,
    1.0597621202468872,
    1.0201610326766968,
    1.176360845565796,
    1.0556244850158691,
    1.078161358833313,
    0.7236836552619934,
    0.664378821849823,
    1.0465586185455322,
    0.867179274559021,
    0.8994585871696472,
    0.973729133605957,
    0.3208962678909302,
    1.5107218027114868,
    1.0968188047409058
  ],
  "episode_final_speed": [
    0.5419524312019348,
    0.4428483247756958,
    0.4818507432937622,
    0.3921690881252289,
    0.9830765128135681,
    1.4510420560836792,
    0.9821987748146057,
    0.5041531324386597,
    0.9141032099723816,
    0.6359105110168457,
    0.6163369417190552,
    0.9461513161659241,
    0.531708836555481,
    0.33887192606925964,
    0.564541757106781,
    0.6050020456314087,
    0.5761868357658386,
    0.3860727846622467,
    0.50356525182724,
    0.32257914543151855,
    0.8927489519119263,
    0.5968841910362244,
    0.5092283487319946,
    0.8316271901130676,
    0.32845357060432434,
    0.41868719458580017,
    0.4705316722393036,
    0.609209418296814,
    0.4889753758907318,
    0.4516927897930145,
    0.5968950390815735,
    0.5901124477386475
  ],
  "episode_final_yaw": [
    -1.469751238822937,
    -1.5606603622436523,
    -1.5134774446487427,
    -1.4734874963760376,
    -1.5195562839508057,
    -1.5433669090270996,
    -1.487240195274353,
    -1.5711941719055176,
    -1.539011001586914,
    -1.5395758152008057,
    -1.4674415588378906,
    -1.6624699831008911,
    -1.475286602973938,
    -1.5429062843322754,
    -1.4980942010879517,
    -1.4835938215255737,
    -1.440911889076233,
    -1.5126168727874756,
    -1.478515863418579,
    -1.5734806060791016,
    -1.4959889650344849,
    -1.5582389831542969,
    -1.4912569522857666,
    -1.4874681234359741,
    -1.5221437215805054,
    -1.4785109758377075,
    -1.4744938611984253,
    -1.4285935163497925,
    -1.5417304039001465,
    -1.5443681478500366,
    -1.5965112447738647,
    -1.4455978870391846
  ],
  "episode_final_yaw_error": [
    0.38495492935180664,
    0.2940458059310913,
    0.341228723526001,
    0.38121867179870605,
    0.335149884223938,
    0.31133925914764404,
    0.3674659729003906,
    0.2835119962692261,
    0.3156951665878296,
    0.3151303231716156,
    0.387264609336853,
    0.19223618507385254,
    0.37941956520080566,
    0.31179988384246826,
    0.356611967086792,
    0.3711123466491699,
    0.41379427909851074,
    0.3420892655849457,
    0.37619030475616455,
    0.2812255620956421,
    0.3587172031402588,
    0.2964671850204468,
    0.36344924569129944,
    0.36723804473876953,
    0.3325624465942383,
    0.37619519233703613,
    0.38021230697631836,
    0.42611265182495117,
    0.31297576427459717,
    0.31033802032470703,
    0.2581949234008789,
    0.4091082811355591
  ],
  "episode_flip_rotation": [
    1.9055930376052856,
    1.8318246603012085,
    1.8323091268539429,
    1.89524245262146,
    1.9688355922698975,
    2.184133291244507,
    1.9762521982192993,
    1.8463178873062134,
    2.195070505142212,
    1.8515713214874268,
    1.8593087196350098,
    2.1758742332458496,
    1.8846997022628784,
    1.9274616241455078,
    1.7402375936508179,
    1.9143894910812378,
    1.964795470237732,
    1.8939710855484009,
    2.033208131790161,
    1.9650005102157593,
    2.1588473320007324,
    1.950946569442749,
    1.8926753997802734,
    1.8405777215957642,
    1.9930858612060547,
    1.9028490781784058,
    1.6336109638214111,
    2.0361616611480713,
    2.0088610649108887,
    2.1421947479248047,
    1.8405461311340332,
    1.885504126548767
  ],
  "episode_lengths": [
    167.0,
    167.0,
    167.0,
    167.0,
    167.0,
    167.0,
    167.0,
    167.0,
    167.0,
    167.0,
    167.0,
    167.0,
    167.0,
    167.0,
    167.0,
    167.0,
    167.0,
    167.0,
    167.0,
    167.0,
    167.0,
    167.0,
    167.0,
    167.0,
    167.0,
    167.0,
    167.0,
    167.0,
    167.0,
    167.0,
    167.0,
    167.0
  ],
  "episode_low_posture_fraction": [
    0.0,
    0.0,
    0.0,
    0.0,
    0.0,
    0.0,
    0.0,
    0.0,
    0.0,
    0.0,
    0.0,
    0.0,
    0.0,
    0.0,
    0.0,
    0.0,
    0.0,
    0.0,
    0.0,
    0.0,
    0.0,
    0.0,
    0.0,
    0.0,
    0.0,
    0.0,
    0.0,
    0.0,
    0.0,
    0.0,
    0.0,
    0.0
  ],
  "episode_max_body_height": [
    1.0915322303771973,
    1.0894482135772705,
    1.0839569568634033,
    1.0879977941513062,
    1.0871202945709229,
    1.1080801486968994,
    1.0922274589538574,
    1.0955827236175537,
    1.1343646049499512,
    1.0910422801971436,
    1.0867869853973389,
    1.0956971645355225,
    1.0861742496490479,
    1.0848265886306763,
    1.0880029201507568,
    1.0868021249771118,
    1.0856351852416992,
    1.0890872478485107,
    1.0914958715438843,
    1.1075286865234375,
    1.1178101301193237,
    1.091495394706726,
    1.0869344472885132,
    1.0922805070877075,
    1.0911328792572021,
    1.0899724960327148,
    1.090040922164917,
    1.122492790222168,
    1.0888439416885376,
    1.0938907861709595,
    1.0867687463760376,
    1.0873091220855713
  ],
  "episode_max_torso_height": [
    0.9319592714309692,
    0.9319592714309692,
    0.9319592714309692,
    0.9319592714309692,
    0.9319592714309692,
    0.9319592714309692,
    0.9319592714309692,
    0.9319592714309692,
    0.9319592714309692,
    0.9319592714309692,
    0.9319592714309692,
    0.9319592714309692,
    0.9319592714309692,
    0.9319592714309692,
    0.9319592714309692,
    0.9319592714309692,
    0.9319595098495483,
    0.9319595098495483,
    0.9319595098495483,
    0.9319594502449036,
    0.9319594502449036,
    0.9319595098495483,
    0.9319595098495483,
    0.9319595098495483,
    0.9319594502449036,
    0.9319594502449036,
    0.9319594502449036,
    0.9319594502449036,
    0.9319594502449036,
    0.9319595098495483,
    0.9319594502449036,
    0.9319595098495483
  ],
  "episode_max_torso_x": [
    1.6220502853393555,
    1.4574270248413086,
    1.6168479919433594,
    1.5254087448120117,
    1.765568733215332,
    2.126516342163086,
    1.7224078178405762,
    1.594193935394287,
    1.9900622367858887,
    1.4943726062774658,
    1.5714726448059082,
    1.901623249053955,
    1.4571552276611328,
    1.6295709609985352,
    1.5092220306396484,
    1.613027572631836,
    1.4908218383789062,
    1.4878606796264648,
    1.5593204498291016,
    1.5590181350708008,
    1.9219002723693848,
    1.801429271697998,
    1.642867088317871,
    1.5035433769226074,
    1.477597951889038,
    1.54109525680542,
    1.5628726482391357,
    1.7992911338806152,
    1.5570096969604492,
    1.661773681640625,
    1.6792545318603516,
    1.5572547912597656
  ],