{
  "best_flip_rotation": 2.2248377799987793,
  "best_max_torso_height": 0.9319592714309692,
  "best_max_torso_x": 1.9866771697998047,
  "checkpoint": "/root/whole_body_tracking-main/logs/rsl_rl/g1_asap_side_jump_l4/2026-06-03_20-11-41_evo_gen6_m3_000_stage2/model_998.pt",
  "episode_final_ang_speed": [
    1.0051014423370361,
    1.202810525894165,
    0.7098379135131836,
    0.9244160056114197,
    1.0562307834625244,
    0.8761547803878784,
    0.789089560508728,
    0.8548300266265869,
    1.1856684684753418,
    1.3995859622955322,
    1.4974374771118164,
    0.9056655764579773,
    1.1214721202850342,
    1.2716721296310425,
    0.9445797801017761,
    0.9939219951629639,
    1.2309433221817017,
    1.1952085494995117,
    1.3363145589828491,
    0.5911658406257629,
    1.2973308563232422,
    1.628995656967163,
    0.6238306164741516,
    0.833057701587677,
    0.902392566204071,
    1.4035663604736328,
    0.9801253080368042,
    0.9524732828140259,
    0.8236033320426941,
    1.440576195716858,
    0.9137762188911438,
    0.8000895977020264,
    1.2860628366470337,
    0.8763784766197205,
    0.9454664587974548,
    0.3765638768672943,
    0.3917028307914734,
    0.9837108850479126,
    0.647791862487793,
    1.3256932497024536,
    1.0565063953399658,
    1.3363574743270874,
    1.0261120796203613,
    0.6282917261123657,
    0.7866392135620117,
    0.6651961207389832,
    1.7136633396148682,
    1.2225900888442993,
    0.6797084808349609,
    1.1274131536483765,
    0.5682318806648254,
    1.6061092615127563,
    1.213086485862732,
    1.0221848487854004,
    1.0602524280548096,
    0.5543550252914429,
    0.8312623500823975,
    1.3719427585601807,
    0.8044536113739014,
    1.0594521760940552,
    1.2107622623443604,
    1.1698927879333496,
    0.7617762684822083,
    0.99031662940979
  ],
  "episode_final_speed": [
    0.8744472861289978,
    1.0436420440673828,
    0.6280269026756287,
    0.9676879644393921,
    0.8585111498832703,
    0.7028030753135681,
    0.6583936810493469,
    0.6190003156661987,
    0.7457265257835388,
    0.8157874345779419,
    1.0208338499069214,
    0.7358263731002808,
    0.9494709372520447,
    0.9058864116668701,
    0.7161047458648682,
    1.0144051313400269,
    0.6539252996444702,
    0.9221676588058472,
    0.9697599411010742,
    0.8181033134460449,
    1.03639817237854,
    1.1337916851043701,
    0.7520725131034851,
    1.0899146795272827,
    0.6654164791107178,
    0.7932392954826355,
    0.7578492164611816,
    0.9504052996635437,
    0.7633483409881592,
    0.7066752910614014,
    0.7055568099021912,
    0.7390437722206116,
    0.5770469307899475,
    0.9682675004005432,
    0.9551460146903992,
    0.736880362033844,
    0.7535619139671326,
    1.0443931818008423,
    0.7462541460990906,
    0.6867746114730835,
    0.5579161643981934,
    0.6897073984146118,
    0.9701471924781799,
    0.6781818270683289,
    0.7096941471099854,
    0.3394973874092102,
    0.9024447798728943,
    0.6411696672439575,
    0.7057320475578308,
    1.344104290008545,
    0.45087766647338867,
    1.040792465209961,
    1.195508599281311,
    0.7138351202011108,
    0.7776986956596375,
    0.7086987495422363,
    0.7119104862213135,
    0.9126912355422974,
    0.6636684536933899,
    0.5964561104774475,
    0.8201877474784851,
    0.6221669316291809,
    0.7526277303695679,
    0.5941720604896545
  ],
  "episode_final_yaw": [
    -1.5330606698989868,
    -1.6105537414550781,
    -1.5750757455825806,
    -1.5178511142730713,
    -1.459033489227295,
    -1.5793675184249878,
    -1.5579309463500977,
    -1.5466759204864502,
    -1.4528119564056396,
    -1.5059252977371216,
    -1.5499355792999268,
    -1.4954687356948853,
    -1.5333549976348877,
    -1.4592891931533813,
    -1.56156325340271,
    -1.4819920063018799,
    -1.5225950479507446,
    -1.579689621925354,
    -1.4577487707138062,
    -1.5331296920776367,
    -1.398559331893921,
    -1.51631498336792,
    -1.5733332633972168,
    -1.5276899337768555,
    -1.5049729347229004,
    -1.530378818511963,
    -1.4954473972320557,
    -1.580581545829773,
    -1.5435857772827148,
    -1.5979907512664795,
    -1.4915425777435303,
    -1.4862143993377686,
    -1.5748459100723267,
    -1.5557875633239746,
    -1.5263962745666504,
    -1.5035595893859863,
    -1.5558184385299683,
    -1.5645296573638916,
    -1.5573217868804932,
    -1.496526837348938,
    -1.5402748584747314,
    -1.4950627088546753,
    -1.4715791940689087,
    -1.4704173803329468,
    -1.629311203956604,
    -1.540175437927246,
    -1.469531536102295,
    -1.604575753211975,
    -1.6752655506134033,
    -1.5084095001220703,
    -1.556910753250122,
    -1.3645343780517578,
    -1.3965516090393066,
    -1.6149771213531494,
    -1.4614673852920532,
    -1.5750688314437866,
    -1.542714238166809,
    -1.470375895500183,
    -1.565675973892212,
    -1.4814831018447876,
    -1.530412197113037,
    -1.5320041179656982,
    -1.486900806427002,
    -1.5258769989013672
  ],
  "episode_final_yaw_error": [
    0.32164549827575684,
    0.24415241181850433,
    0.2796304225921631,
    0.33685508370399475,
    0.3956727087497711,
    0.27533864974975586,
    0.2967752516269684,
    0.30803024768829346,
    0.401894211769104,
    0.34878087043762207,
    0.3047705888748169,
    0.359237402677536,
    0.32135117053985596,
    0.3954169750213623,
    0.2931428849697113,
    0.37271416187286377,
    0.3321111500263214,
    0.27501654624938965,
    0.3969573974609375,
    0.32157647609710693,
    0.45614683628082275,
    0.33839118480682373,
    0.28137290477752686,
    0.3270162343978882,
    0.34973323345184326,
    0.32432737946510315,
    0.359258770942688,
    0.2741246521472931,
    0.3111203908920288,
    0.2567153871059418,
    0.3631635904312134,
    0.3684917688369751,
    0.2798602283000946,
    0.29891860485076904,
    0.32830992341041565,
    0.3511465787887573,
    0.2988877594470978,
    0.29017654061317444,
    0.2973843812942505,
    0.3581793010234833,
    0.3144313097000122,
    0.35964345932006836,
    0.38312697410583496,
    0.3842887878417969,
    0.22539494931697845,
    0.31453070044517517,
    0.38517463207244873,
    0.25013038516044617,
    0.17944060266017914,
    0.34629663825035095,
    0.2977954149246216,
    0.49017176032066345,
    0.458154559135437,
    0.23972903192043304,
    0.39323878288269043,
    0.27963733673095703,
    0.31199193000793457,
    0.38433024287223816,
    0.28903019428253174,
    0.37322306632995605,
    0.32429397106170654,
    0.3227020800113678,
    0.3678053617477417,
    0.32882919907569885
  ],